ipeds,wikidata,ror
100636,Q5154695,
100654,Q1551044,05hz8m414
100663,Q1472663,008s83205
100690,Q4748638,00gjr9m44
100706,Q1783148,02zsxwr40
100724,Q941524,01eedy375
100751,Q492318,03xrrjk67
100760,Q5060306,04qwxfa96
100812,Q4813523,01zx16v02
100830,Q758560,05eynd241
100858,Q540672,02v80fc35
100937,Q4916871,006g42111
101028,Q5087847,052rvpm80
101073,Q5158958,04e02dg93
101116,Q114339298,
101143,Q5380357,002mh8q73
101161,Q5438129,01wzmsm36
101189,Q4571885,048kc5t54
101240,Q5516461,05a11cb13
101286,Q7962771,008t9m017
101295,Q7962897,04qs0rx25
101301,Q7962769,00hgavv49
101365,Q114339357,
101435,Q5945112,00k8s2y27
101453,Q5738742,04arhmz60
101462,Q6105653,00t4n3812
101471,Q6105669,00vh6ck95
101480,Q957995,014wfj781
101499,Q6175454,05htdfq36
101505,Q6175594,05tqt7092
101514,Q5019761,034948b51
101541,Q6304221,04z066j96
101569,Q6505007,05d692120
101587,Q637346,010acrp16
101602,Q6704953,0380g9t27
101648,Q6765309,044vzkq25
101675,Q2272814,04mdnw291
101693,Q7895847,03sswts20
101709,Q1698206,01fd8g905
101736,Q7060428,006ptez88
101879,Q1273836,0584fj407
101897,Q14679337,018xpp991
101912,Q1056848,05s74hd65
101949,Q4705321,015n0my11
101994,Q7309992,00zhf6p05
102030,Q4917715,036vmnd51
102049,Q6381586,0040cz635
102058,Q7448737,04wm83d45
102067,Q7494031,01kn86d52
102076,Q7547444,05nw06c68
102094,Q13572981,01s7b5y08
102234,Q5591503,043fzsj95
102261,Q7569418,001r6dj72
102270,Q7617251,03tj9dz52
102298,Q7680006,01dswgm35
102313,Q5628144,052farg34
102368,Q1817686,029jj9438
102377,Q1682329,0137n4m74
102395,Q7892216,02dphc844
102429,Q4899661,03dzg6f89
102553,Q1285252,03k3c2t50
102580,Q4708506,02thhxe24
102614,Q1285262,01j7nq853
102632,Q94279,02y8nb297
102669,Q1565621,05hz4ph43
102845,Q5086729,
103361,Q7244297,
103501,Q114339359,
103723,Q5147362,03rb26y64
103778,Q5955303,
103787,Q4744092,01rppxt60
103893,Q114339360,
104090,Q4974694,
104151,Q670897,03efmqc40
104160,Q4791459,04z557486
104179,Q503419,03m2x1q45
104188,Q7714345,019kr0669
104346,Q5060345,003xs1762
104425,Q5139329,018baft35
104577,Q5329984,03fcyyh75
104586,Q14680335,03mt1jy53
104665,Q30263369,03ja16q10
104708,Q5568352,00z6n3z58
104717,Q4570025,014kv8184
105145,Q5526971,05b2g5r95
105154,Q6821056,01nk4hm61
105206,Q6893709,04vcfk007
105215,Q7894082,019njds38
105297,Q5278773,03rbsqr59
105330,Q139901,0272j5188
105349,Q7059526,03xyda961
105367,Q114339361,
105428,Q7186815,05tfq8535
105516,Q1889100,01j0n2h15
105525,Q7194574,00wymkh76
105534,Q114339362,
105589,Q7240840,05crd7855
105668,Q7335324,03e8e5846
105677,Q17029880,05ka3vy68
105747,Q14680717,02rgx8605
105792,Q7567992,01vja6y50
105899,Q4791274,01j8znm98
106148,Q8050369,04sgxw910
106245,Q500154,04fttyv97
106263,Q941298,00xcryt71
106306,Q4791744,00pvcan36
106342,Q16149853,03c4kec23
106397,Q1070333,05jbt9m15
106412,Q2495825,03zsjhd07
106449,Q4791875,
106458,Q500131,006pyvd89
106467,Q673111,03bahkk91
106485,Q1571390,05xn9jy83
106625,Q4921669,01shp5e75
106704,Q1782724,029bp0k25
106713,Q5060434,02dyzf078
106795,Q5174697,05yc7zr31
106810,Q5189258,02ffbv447
106883,Q16890796,0583vk835
106980,Q14681302,0525aen51
106999,Q7895070,005qzg609
107044,Q5656138,00t4cvq91
107071,Q1604967,02q5gkg61
107080,Q1605137,00yghrj63
107141,Q6223569,02ct41q97
107318,Q6840792,
107327,Q20708432,
107460,Q7053960,
107512,Q7110141,044r07286
107521,Q30624947,
107549,Q7116523,05mm5nv75
107558,Q7896711,013qt8483
107585,Q7895072,02gxkme34
107600,Q7182919,0056x7z10
107619,Q7185889,013hjj010
107637,Q7569290,01crwqf21
107664,Q7259217,010dgsx92
107725,Q7895071,03mcws937
107743,Q7323380,02vvfyx50
107840,Q7502148,05gmsjx02
107877,Q8020982,03cv3dj55
107974,Q7566003,03d61qr92
107983,Q1724577,036sak533
107992,Q16900342,03be58a36
108092,Q2495828,02grymn95
108232,Q2822225,04jr0a134
108269,Q4671433,03nb5d893
108667,Q5146625,00vaf6k96
108807,Q4730667,053sdsy29
108861,Q4743139,00k081886
108870,Q207460,01drxfn09
109086,Q463781,000rmbn42
109208,Q2791079,05t365n53
109350,Q4771201,01trzhx11
109651,Q3272069,04fjwpp27
109785,Q4583636,02bmftj86
109819,Q4849288,00tz9e151
109907,Q4865029,03ehswj04
110051,Q4897794,03xbgnq70
110060,Q25831351,043xyyp36
110097,Q864450,02han2n82
110185,Q2926172,01t04bt85
110219,Q4980435,
110246,Q5002793,02zq8st27
110307,Q7185903,03wqd2h57
110316,Q3444680,01qcqyr62
110334,Q1024969,04srpvh96
110361,Q1563992,04yj19304
110370,Q1026804,01mmcf932
110398,Q3577853,006dpe828
110404,Q161562,05dxps055
110413,Q1026831,05qpen692
110422,Q1026846,001gpfp45
110468,Q1066989,04k8zab17
110486,Q1026902,019ts0j55
110495,Q624564,00ejm2g54
110510,Q1026944,02n651896
110529,Q1026868,05by5hm18
110538,Q1026912,027bzz146
110547,Q1026909,04pyvbw03
110556,Q1026919,03enmdz06
110565,Q1026925,02avqqw26
110574,Q1026916,04jaeba88
110583,Q1026926,0080fxk18
110592,Q1026932,0294hxs80
110608,Q1026939,005f5hv41
110617,Q1026941,03e26wv14
110635,Q168756,01an7q238
110644,Q129421,05rrcem69
110653,Q868421,04gyf1771
110662,Q174710,046rm7j60
110671,Q1075148,03nawhv43
110680,Q622664,0168r3w48
110699,Q1061104,043mz5j54
110705,Q263064,02t274463
110714,Q1047293,03s65by71
110778,Q6040956,05x358x43
110918,Q5020313,00hqa1k37
111009,Q5020382,
111081,Q1026827,024e4df17
111188,Q1026832,051rrf637
111391,Q5021183,00vj57q03
111434,Q5055561,01qqm4q52
111461,Q5146881,05td03w87
111887,Q5064834,03khjbj61
111896,Q5064897,003f8ap84
111920,Q5066011,00d18mr25
111939,Q5066795,04cyzbs29
111948,Q1805085,0452jzg20
111966,Q5081831,038x2fh14
112075,Q5158998,0028kf729
112084,Q7413609,00v43qg93
112093,Q104843267,
112127,Q5116581,00yte8n94
112172,Q5122883,0157zmb13
112190,Q2974556,03181bn25
112251,Q50015,0157pnt69
112260,Q5126318,04n1me355
112385,Q5138391,02f3vqc77
112394,Q5141289,036yv4y78
112446,Q5143034,02drgk151
112525,Q7988415,05167c961
112561,Q5149653,02ffzw118
112570,Q5149660,01spfrk28
112686,Q5350877,
112826,Q5165598,034r26m89
113096,Q5175230,023sbte93
113111,Q5180556,00sm4bp25
113193,Q5192620,0425phg59
113218,Q5197087,01gtdbh44
113236,Q5200315,054bthw57
113333,Q928272,01dfsmx55
113537,Q5254095,036y2y849
113573,Q5146883,04dwx7104
113582,Q30263414,00pnyyg32
113634,Q5270173,02q865m71
113698,Q5290855,056d3gw71
113704,Q1237670,015yfqq31
113856,Q5328880,00qs2ka20
113980,Q5350875,021spd704
114080,Q6764339,
114114,Q5373859,044txcp97
114123,Q5374058,00jhy6397
114266,Q5417253,05jsgsm79
114372,Q5436719,
114433,Q5439587,03wzvrw53
114549,Q5447173,04csg5w40
114585,Q5455840,05qkp7h42
114716,Q5466480,00dhmq281
114734,Q5483015,01rt7wc31
114789,Q2587006,036ay9k05
114813,Q2587376,01f00fn77
114831,Q5466473,02dde7839
114840,Q262617,01k6b9k02
114859,Q5508288,057bq1s94
114938,Q5528065,05tn9zh92
114947,Q3759392,01064v583
115001,Q5568357,02e1syn97
115010,Q16891666,
115083,Q1534879,01wj7vt66
115126,Q5579962,05d2a8p70
115214,Q3113166,00xs48965
115296,Q5610609,01nzgtr23
115393,Q5675100,013yab158
115409,Q12236173,025ecfn45
115728,Q5885852,020gftc86
115746,Q7122801,011bhgb43
115755,Q624560,02qt0xs84
115773,Q14682420,01qw1bz85
115861,Q14682464,039kas258
116439,Q6074403,03y150857
116624,Q6188028,
116712,Q10857990,050p9wj26
116846,Q1563835,001nq7s39
117052,Q7306738,00r1qza69
117104,Q6544942,01r494568
117113,Q7714366,
117140,Q8214783,02kg81z20
117168,Q6472813,05x05k755
117195,Q6477941,03tw3kz18
117247,Q6485557,01k6cft19
117274,Q6493966,00y0xzp63
117283,Q6496201,
117520,Q16894145,
117557,Q6551169,00ef10m46
117575,Q30263423,02e6pdw39
117627,Q6465284,05g1rjn35
117636,Q1057447,04bj28v14
117645,Q10863001,05g44an34
117672,Q7569745,04pyrxz13
117690,Q12061371,028nyzb21
117706,Q10863000,0170m4k80
117715,Q6682339,00wr6qv54
117724,Q9091546,0272wvz49
117733,Q6682369,022dft797
117751,Q3851554,04fn4g645
117788,Q1727138,03pmg8447
117867,Q6682269,01stcbz02
117894,Q6682943,03xcvt065
117928,Q7714367,
117946,Q1786078,00xhj8c72
118198,Q17026946,042bcp892
118347,Q5146760,006tpsn23
118541,Q6781624,02qx7s056
118684,Q6816680,0026drc14
118693,Q6817140,0182em051
118709,Q5503194,
118718,Q6818062,005yz5976
118772,Q6820339,00ea8xx02
118888,Q638859,01ynb8e46
118912,Q6872180,057mh7566
118930,Q6878561,035fpgr29
118976,Q6889228,03vemr371
119058,Q1946114,05d1z6q04
119067,Q6905338,006dtpb58
119137,Q6908463,00ms2t790
119164,Q6930336,03wxx8465
119173,Q6923797,040ty4453
119216,Q6930337,018hvk597
119270,Q679759,
119331,Q6964796,00042h977
119544,Q6973366,04zbkyt39
119553,Q6973391,
119605,Q1568237,01zjrck77
119678,Q1515048,033yfkj90
119775,Q7005138,05jn4y223
120023,Q7056230,05bc06n36
120166,Q498451,05wn69s11
120184,Q7063485,03qvjfg54
120254,Q1346110,01mxmpy39
120290,Q7081084,05jf3ct62
120342,Q7099536,00pz2dk38
120403,Q7108771,01qs45p40
120421,Q7115703,03k3rfc04
120537,Q5899317,03vfpjp29
120698,Q2587890,04f812k67
120740,Q17013367,03y83ze93
120768,Q7122600,02pj6m510
120795,Q4458746,05e2vjj36
120838,Q7122708,05nqdns93
120865,Q3360203,0576nnr74
120883,Q630226,05ma4gw77
120953,Q7128537,01a9g8z61
120971,Q7128599,00crwr158
121044,Q7141532,01dk4b453
121071,Q7148347,00epbww69
121150,Q117876,0529ybh43
121257,Q7199570,0197n2v40
121275,Q7202471,03nzct076
121309,Q7208069,02rsjqy82
121345,Q7227384,0074grg94
121363,Q7231703,015b60b88
121619,Q7419158,00ekjkp43
121628,Q11347596,04dvezj25
121691,Q1270831,02hfyct53
121707,Q2465519,03wq0ts29
121886,Q7335261,03qvjfw18
121901,Q14683818,03x6axv89
122117,Q30293752,02j5qmn70
122180,Q7396963,01myxx963
122205,Q7397744,03wbrqz31
122296,Q7412178,040jk5g10
122339,Q7413611,05szy4c49
122375,Q7413692,014m3pp97
122384,Q5390871,01kqyam71
122409,Q913861,0264fdx42
122436,Q262663,03jbbze48
122454,Q586735,036qcm975
122506,Q2034815,016gc3g35
122597,Q1256981,05ykr0121
122603,Q7414125,02wyv8x71
122612,Q1887879,029m7xn54
122649,Q7414385,01p7x7924
122658,Q17066372,0495w1157
122728,Q8013573,02wk2dc91
122737,Q106253466,
122746,Q7414439,05svxk822
122755,Q498526,04qyvz380
122791,Q18409139,01gwn6z70
122889,Q7419214,022j4a796
122931,Q992830,03ypqe447
122977,Q1033692,01cntdd82
123013,Q7419896,021t0p839
123095,Q7429134,04beeeh24
123165,Q10664609,00p55jd14
123217,Q5146897,05ja08h10
123280,Q7490591,04725j767
123299,Q7490593,01d181m24
123341,Q7511366,05jy9jt03
123448,Q14684169,
123457,Q7521155,051vg7x60
123484,Q5146898,00jce1v14
123509,Q7537896,03r2s9s41
123527,Q7413443,04t1qep04
123554,Q7401829,01hgj5t98
123563,Q7555714,01vn5yf24
123572,Q624571,04wjxkk25
123633,Q30293907,0197qh103
123642,Q7566851,04n6a5g54
123651,Q7914844,02de0za51
123800,Q7571404,042dhbd43
123855,Q7588840,04rxyz404
123916,Q7602223,00y2mbn60
123925,Q7603100,00p0jh392
123943,Q7569707,03zhqv657
123952,Q1786506,02xsn7259
123961,Q4614,03taz7m60
123970,Q7571428,011wpwt21
124113,Q7675030,02p2cvb06
124283,Q5126331,02wxq9k17
124292,Q7787106,03mnd3q76
124487,Q5382442,03ezdk227
125028,Q7920365,00pn5nj90
125091,Q7926413,01nzz9r98
125170,Q4891998,02dnm2t22
125231,Q7961486,02qp2hh41
125462,Q18706107,
125471,Q7985808,00xqebk56
125499,Q7986758,04qd8km43
125718,Q7989214,02gv7j358
125727,Q3444458,00xhcz327
125763,Q7996868,04z664d45
125897,Q3445331,013fs2498
126012,Q8038222,017t4sb47
126030,Q7988336,
126049,Q7791286,0012pft53
126076,Q8052835,035h1xx45
126119,Q8060105,005majy75
126182,Q351971,05vccrs41
126207,Q4697183,01g325629
126289,Q4784195,0100fcb78
126359,Q43896870,035vbe686
126562,Q1468161,02hh7en24
126580,Q2495841,054spjc55
126614,Q736674,02ttsq026
126669,Q5148756,05mcesg65
126678,Q1111261,03tg3h819
126687,Q114339363,
126702,Q7714374,00xx8sn02
126711,Q5148844,05bkwxs60
126748,Q5148854,02qwxva96
126775,Q1111367,04raf6v53
126784,Q5148912,
126818,Q1111640,03k1gpj17
126827,Q5148968,01s3kre18
126863,Q5154688,007xs6t35
126942,Q5154691,05n9fqb27
126979,Q5259781,02gb3y251
127060,Q519427,04w7skc03
127158,Q5372188,02s28hw54
127185,Q1438597,00aad7q36
127200,Q5505816,02f2p8175
127273,Q5998152,00z3zzh92
127389,Q6480842,02r321f54
127556,Q1507218,0451s5g67
127565,Q613736,03mnxwj46
127617,Q6911609,045155251
127653,Q2975783,05hvsnq92
127714,Q6983269,05q8ckj10
127732,Q7058041,00xp6a578
127741,Q1783608,016bysn57
127778,Q7108531,03hqc7279
127820,Q7193647,038z1c623
127839,Q6044200,
127884,Q7258436,01w9gvv59
127909,Q7304941,00996xv77
127918,Q649299,043ae9h44
127945,Q7355881,013am1j13
127954,Q30263392,04mw59b52
128106,Q1111515,02gn3zg65
128258,Q7842406,055afmj54
128328,Q1331280,0055d0g64
128391,Q2564975,02xs3dj23
128498,Q1815354,030pv4h84
128577,Q4807464,05yptg266
128683,Q4262242,04608tw18
128744,Q1055874,01rf3yp57
128771,Q1053764,054gzqw08
128780,Q32287,0226byw17
128896,Q14714880,
128902,Q1797448,01hpqfm28
129020,Q49206,02der9h97
129154,Q4151520,009bjed14
129215,Q1278152,01mhgwt57
129242,Q1393265,04z49n283
129367,Q5035532,014a8dd26
129428,Q7313492,
129491,Q4496116,01xnx1y03
129525,Q747053,034gcgd08
129534,Q722186,01bqcs587
129543,Q5913494,02r3v8c94
129686,Q14714983,
129695,Q6747336,03vh04164
129729,Q6981119,041ftcz16
129756,Q6841896,
129774,Q4296923,007736j10
129808,Q7797727,05kzvw994
129941,Q917899,00zm4rq24
130004,Q7060777,039pz2z06
130040,Q7060299,0420s7j63
130110,Q7124691,00sw9kj55
130174,Q7231672,
130183,Q4374296,04eeb2398
130217,Q7272216,03yezd949
130226,Q1030044,00mpz5a50
130253,Q1276963,0085j8z36
130314,Q24399,05m5j6s60
130396,Q5527225,0511q3e85
130493,Q1253123,00ramkd50
130590,Q1927705,03j3dbz94
130606,Q14715133,0207hvp23
130624,Q650935,01y922f71
130697,Q49167,05h7xva58
130776,Q1552113,01565p617
130794,Q49112,03v76x132
130873,Q5242430,
130934,Q1183967,03g35dg18
130943,Q1068072,01sbq1a82
130989,Q14685417,04hhyx074
131098,Q7983892,04ar26726
131113,Q13564053,00jrtvk29
131159,Q168000,052w4zt36
131283,Q179036,047yk3s18
131308,Q1132041,01n673471
131399,Q3551751,037wegn60
131405,Q5290747,038astr05
131450,Q1056373,02b9aym09
131469,Q432637,00y4zzh67
131496,Q333886,05vzafd60
131520,Q1068752,05gt1vc06
131876,Q3539296,035756473
131973,Q7984013,04ky2re88
132338,Q7714375,
132374,Q4816568,
132408,Q4857614,011a33g95
132471,Q809106,04r1hh402
132602,Q3298457,04e0j1059
132657,Q3269570,04nqv0v23
132693,Q14685856,04tw5da48
132709,Q556733,02jj1w915
132851,Q5146660,0354w0y78
132879,Q5461269,020kbv448
132903,Q143451,036nfer12
133021,Q5101627,04g2pxd54
133085,Q5130926,00cmjga69
133386,Q5243619,03jbk2g75
133492,Q5332879,04d4qrf43
133508,Q5338425,03g4gca53
133526,Q5345817,05n6xve17
133553,Q5370252,001emy730
133650,Q1430048,00c4wc133
133669,Q429863,05p8w6387
133702,Q5461608,00r9wsd64
133711,Q3073226,00cvkwk76
133809,Q5461285,010bgev76
133863,Q114339364,
133872,Q4686466,03w5gm511
133881,Q3152650,04atsbb87
133951,Q1065809,02gz6gg07
133960,Q8563967,00b2pbe02
133979,Q5461515,008pwh115
134079,Q5461600,026hjc247
134097,Q861548,05g3dte14
134130,Q501758,02y3ad647
134237,Q5508130,0430b4z40
134343,Q5617466,0249bce70
134495,Q5763679,01x63gj61
134510,Q5874998,044abmm29
134608,Q6021484,05axs7x03
134680,Q5968293,
134714,Q14716157,
134811,Q6827343,04pggra29
134945,Q935018,050rkhq40
135063,Q6275168,05txzf778
135081,Q6383859,01s383j21
135160,Q5461388,00x6zfm71
135188,Q6479473,01shdt141
135267,Q114339365,
135276,Q6658178,
135364,Q6705628,05qp5sg69
135391,Q17063212,02y535c02
135610,Q114339366,
135647,Q6827345,
135717,Q3027788,00rgbr518
135726,Q738258,02dgjyy92
135735,Q6840716,
136145,Q7055358,01hbhjt03
136172,Q1473796,01j903a45
136215,Q1798499,042bbge36
136233,Q7060041,052e8ag96
136330,Q7127976,04hexmg17
136358,Q7128010,02t3wzq80
136400,Q7141850,03etbcx90
136473,Q7164705,051kxxw69
136516,Q7225469,00v2w0a04
136701,Q7592117,00wqess70
136765,Q15051638,
136774,Q3936030,02pe14c82
136826,Q7347800,
136950,Q2164222,009vh5d61
137032,Q892503,02p804s75
137078,Q7591484,00vrgpy91
137096,Q7419511,012p9gs30
137209,Q7449539,02966z980
137245,Q30288728,03693et41
137272,Q7588924,01axtzy32
137281,Q4257876,01bfgxb60
137315,Q7567248,05ta7wm04
137351,Q500606,032db5x82
137476,Q2323376,02bmams93
137546,Q2341039,01efrfk30
137564,Q7569505,01b25wz12
137759,Q1454789,01skvfg56
137847,Q751289,007h1g065
137953,Q7842579,01yasd238
137962,Q7842694,01w466f66
138187,Q7910651,0296esg18
138275,Q7969774,025acyt23
138293,Q7978693,023cpce20
138354,Q659255,002w4zy91
138479,Q6801160,
138558,Q4668762,04089t965
138600,Q2826926,05pgk5e03
138682,Q4709395,04hpwpk22
138691,Q5225745,01ym21515
138716,Q4709390,01vme4277
138761,Q4756641,01k7shx94
138789,Q4793919,03rr7q548
138813,Q4796885,04vwgk321
138840,Q4816162,01s3vfp47
138868,Q7208182,01e249g49
138901,Q4816111,0368f8s77
138929,Q6246901,0040q3862
138947,Q4572296,0397tsa92
138956,Q4820976,059esw871
138983,Q14432001,
139010,Q14686598,00yk34w18
139144,Q4894781,04btayy36
139153,Q30263400,0001h5y29
139199,Q4960619,022qy2d08
139205,Q4962789,01qqfah13
139250,Q5146666,01pnp3p28
139278,Q7985209,01cyx8116
139311,Q5130334,00t47w971
139348,Q5149859,00g5hfp88
139357,Q5150133,05m4h2z49
139366,Q5150130,002nf6z37
139384,Q16994044,05sfx8f21
139393,Q5178987,03xg8pv73
139463,Q5211714,01j4j8g47
139579,Q7568720,01rjfjt94
139621,Q5328416,023fgmp71
139630,Q5373192,02qqa1p29
139658,Q621043,03czfpz43
139700,Q16994039,04d8byx33
139719,Q5472214,05mpwj415
139755,Q864855,01zkghx44
139764,Q5547746,044pfy487
139773,Q5517267,
139861,Q5547419,05kr7zx86
139931,Q624959,04agmb972
139940,Q1509333,03qt6ba18
139959,Q761534,00te3t702
139968,Q5585003,004gk0w56
139986,Q7569810,0302gfc36
139995,Q114339367,
140003,Q5623660,047y9vj34
140012,Q16994651,04mxf4066
140085,Q17006958,
140146,Q6046045,0435dnz03
140234,Q6460745,04w4aze46
140243,Q6487078,05r7dwa03
140252,Q6545022,01c0k9408
140322,Q6724878,
140331,Q5087846,05enrfh93
140340,Q114339368,
140447,Q1798612,04bk7v425
140483,Q6841429,
140553,Q1524124,02y9g2b52
140562,Q6911272,01pbhra64
140571,Q6913630,01cnxmm67
140599,Q17041613,03163vt79
140669,Q7055482,
140678,Q7055483,00gm3kb02
140696,Q4400868,05rvey468
140720,Q7124862,00hveka38
140818,Q7191499,04ggv2982
140872,Q7310359,00vss0n50
140942,Q7427891,02yjrq169
140951,Q1020699,04yhjzf92
140960,Q3474474,00mns7k70
140988,Q7502154,05hnmtf25
141006,Q7567348,02gvasz77
141015,Q7727993,
141060,Q7575916,02fvaj957
141097,Q3445053,00cckeg37
141167,Q7794632,01p18bt48
141185,Q7811969,032j0xp45
141237,Q7847616,00zbydh86
141255,Q8026801,03pvm4464
141264,Q2508061,04zjcaq85
141307,Q7975875,
141325,Q3446272,05d7pr418
141334,Q2495945,01cqxk816
141361,Q14686966,05hn31665
141486,Q1725405,02xsgn598
141565,Q2150914,02mp2av58
141574,Q2000129,01wspgy28
141644,Q1591615,01963ay88
141680,Q5896667,00vpw9h05
141796,Q6366682,02m7y2120
141802,Q6378632,
141811,Q6516572,04q3ga974
141839,Q7895485,02rhspt79
141936,Q8035955,02kkj1692
141981,Q1171185,05radvt19
141990,Q8024795,03wpvxm81
142054,Q114339369,
142090,Q4938441,05e1bqk54
142115,Q891082,02e3zdp86
142179,Q5330206,013z3dx97
142276,Q1656608,0162z8b04
142285,Q1854488,03hbp5t65
142294,Q5146733,02z5bnb65
142328,Q1822063,038x7ta12
142443,Q7055690,02pgb5q90
142461,Q7060132,01bry7z39
142522,Q1029431,05j7qk258
142559,Q5146837,04rqs6380
142832,Q4683288,008dmsy67
142887,Q4742868,00vapxw25
142957,Q42417604,02apzcx95
143048,Q7432601,04dh2y609
143084,Q3298337,04bqrfs31
143118,Q11959672,027487t94
143215,Q7571420,04y17xm23
143233,Q4897784,
143279,Q4920876,02zvm4r30
143288,Q4922670,02a1et264
143297,Q30263406,02vt55417
143358,Q897052,04kmeaw70
143613,Q5040755,05ges7821
143659,Q5053247,01s6z0f52
143853,Q6843477,046yatd98
143978,Q7722398,
144005,Q915866,05ekwbr88
144014,Q5095808,05fh0g986
144050,Q131252,024mw5h28
144157,Q6389707,048d6j696
144166,Q6742723,01azf6k87
144175,Q7088010,01wsre374
144184,Q5672155,053v5zb41
144193,Q7326714,00xz8jv85
144209,Q14687525,01a3vkf51
144218,Q8000254,030zy2k76
144281,Q5149662,03a3kvy61
144351,Q5159004,02jvqj155
144467,Q5167142,
144485,Q5180022,
144564,Q5221341,01y823z67
144573,Q30266523,00jvm9038
144740,Q1179603,04xtx5t16
144865,Q5146678,0102yp030
144883,Q5331048,03xe7w214
144892,Q624985,035z2ew45
144944,Q5360020,03x2x0e06
144962,Q5366768,05e5waw95
144971,Q5411163,04ybtcs72
145239,Q5476651,02a503x19
145275,Q5523962,03ncber98
145336,Q1540471,00wtq7t14
145372,Q5604671,04nv6z940
145460,Q5664580,02v431325
145497,Q16842091,01g2p0822
145521,Q5758717,02mxywv89
145558,Q7367225,04fegvg32
145600,Q955764,02mpq6x41
145619,Q4887352,053fh2363
145628,Q5999410,04pmaae27
145637,Q457281,047426m28
145646,Q2159219,021aqk126
145682,Q5999373,03ajn7m72
145691,Q574316,02ys5x139
145707,Q7088448,
145725,Q659706,037t3ry66
145813,Q558922,050kcr883
145831,Q5999827,04v1k1t27
145886,Q7742178,01qa6hr76
146205,Q6217783,05q0wgb11
146241,Q6246903,059bgk218
146278,Q6264778,000jj6973
146296,Q6269988,05jd5ze73
146339,Q1711141,01nm0pb19
146348,Q6363574,023hfjp48
146366,Q6374573,04b3zhw41
146393,Q6388894,004h3nh40
146418,Q6416672,0303sda91
146427,Q669442,04hfkdb50
146472,Q5146744,03v8atx30
146481,Q6475861,04rmtzr09
146490,Q6475863,043mcwe63
146506,Q6476553,04bd74a48
146533,Q6479236,043bemg15
146603,Q16981182,04eb7gy32
146612,Q6537128,0376vhj74
146621,Q6537804,00gpg2q85
146667,Q6550534,02h3mfv55
146676,Q6550556,0367pw924
146685,Q6550804,05f21rh68
146719,Q1537759,04b6x2g63
146728,Q6705732,0210srm80
146816,Q6721774,05ffhjy73
146825,Q6722050,04yw47259
146977,Q6800587,033d6zz21
147004,Q6801562,048tktj22
147013,Q12061548,042z7qa37
147031,Q13360891,05jyxzj98
147129,Q114339372,
147165,Q6843022,03m0njh07
147244,Q3893320,013bgdt24
147341,Q6901065,03rbn9086
147369,Q2257594,05wffnp93
147378,Q6909049,02revdf05
147396,Q43895452,017g1tr52
147411,Q6914831,03wn0d080
147536,Q6974219,0374c0d66
147590,Q6979247,00w6bqp33
147660,Q7054728,02ehan050
147679,Q3551466,004sxt390
147697,Q16201643,042v18a02
147703,Q1191344,012wxa772
147767,Q309350,000e0be47
147776,Q2000943,04edns687
147800,Q7074230,020bcb226
147828,Q7088000,038nb9c73
147916,Q7138560,05gf8nd15
148007,Q7237976,01afspn38
148016,Q7245134,02venxm51
148131,Q7272195,043d4x248
148177,Q5999521,04sy8yh72
148256,Q7312772,00kdpsr48
148292,Q7330616,05x3t0w31
148335,Q7347822,014e7p840
148380,Q7354736,05jtwwy05
148405,Q7355238,05vd6ad22
148487,Q2124886,020vmqv16
148496,Q5290854,01qww1p93
148511,Q750639,01k9xac83
148575,Q114339373,
148584,Q1276380,04nfs2483
148593,Q114339374,
148627,Q3945126,04ws6z706
148654,Q941855,0126qma51
148672,Q7427250,019r00h23
148724,Q7440232,
148821,Q7491517,02p038k52
148849,Q4247132,00w4hrb54
148876,Q7587180,059ap3j92
148885,Q7896226,02t0mhb72
148937,Q7569478,017f49052
148982,Q2896792,01hxtdq06
148991,Q7579152,025vzq165
149019,Q4887351,
149028,Q7400981,010wj6161
149222,Q1472347,049kefs16
149231,Q519349,04cqs5j56
149310,Q16989569,
149329,Q7697844,
149365,Q7568570,01c6kab21
149505,Q7842639,01avta769
149514,Q7842863,0251ehn88
149532,Q7844318,04x89rx63
149639,Q7914412,02m0g1n06
149727,Q7975106,03dfsfy59
149772,Q1474005,02sshz518
149781,Q747179,0581k0452
149842,Q2983593,04b1gft39
150048,Q4752993,05y26rr34
150066,Q4754216,03cebjr81
150136,Q805122,00k6tx165
150145,Q4897887,012mfbs12
150163,Q1017974,05gq3a412
150172,Q5024072,054zgtc98
150215,Q5110194,05vnxnq07
150288,Q1800537,022fjwc94
150400,Q1179599,02mks6v46
150455,Q5326502,0566sj483
150534,Q4026988,04dt46w81
150604,Q5491372,05w35s747
150668,Q1538540,03tj80n37
150677,Q5591059,00qsr9g17
150756,Q5649375,00vc14296
150774,Q5885180,0574bwf68
150941,Q5945524,054wajj09
150987,Q6099948,
151102,Q6023669,01jxzq227
151111,Q123207578,03eftgw80
151111,Q1433199,05gxnyn08
151263,Q7895554,052133d12
151290,Q14688450,03r1ch818
151306,Q940289,006bmx089
151324,Q666128,00f8man71
151333,Q11287623,04161kh40
151342,Q6023665,02s1hvj37
151351,Q1079140,02k40bc56
151360,Q6023619,00n9fkm63
151379,Q6023656,02eak8n78
151388,Q6023582,046z54t28
151458,Q6048912,00qbqm161
151467,Q16997159,04vs0xj88
151777,Q6747552,02aswte26
151786,Q6761994,00p4ywg82
151801,Q6023698,04hrnch96
151810,Q6776789,04aaq2k96
151865,Q4750556,04b8d7j46
152080,Q178848,00mkhxb43
152099,Q7073984,0453rg493
152248,Q7260985,
152266,Q7260998,
152318,Q2166712,00mp6e841
152336,Q1276602,01h6pze39
152363,Q7401511,01k2x9g80
152381,Q7401849,045jby416
152390,Q7401824,02r839n55
152451,Q7401893,05tyqjm34
152530,Q7690168,005aghs32
152567,Q7842344,038e0dv78
152600,Q186047,01pp0fx48
152637,Q2526468,03gbwkj22
152673,Q7958639,00p11pk44
152798,Q18588985,04shrgb80
152822,Q4651821,03bybmz71
152992,Q4965764,00w62r976
153001,Q4985470,018224j82
153108,Q5060595,059y9v737
153126,Q5127510,03byx8t68
153144,Q5140489,03chkg278
153162,Q5171517,01wvxpc32
153214,Q5263500,0016w2w54
153241,Q5284145,0448r9386
153250,Q3112939,02tdf3n85
153269,Q5305629,001skmk61
153278,Q910669,00bz3ax41
153296,Q5366145,01d22jf15
153302,Q5373396,04fexsb73
153311,Q5330227,03w69rv70
153320,Q5431147,03rz18g89
153366,Q3113029,04xhv0r49
153375,Q5595242,02hs3et22
153384,Q2982991,04tmmky42
153427,Q5645170,05jysw312
153445,Q5685070,02b1scj45
153472,Q6020480,031emjj03
153524,Q6064292,03em9pc54
153533,Q24062130,02qf7zp16
153603,Q1136919,04rswrd78
153621,Q14689086,042th8w18
153630,Q6064720,04gx27k56
153658,Q182973,036jqmy94
153737,Q6415889,028tzq930
153746,Q114339375,
153782,Q114339376,
153825,Q6678799,03eecf728
153834,Q6705538,03dqcb840
153861,Q6733411,00qv5rb32
153922,Q6773873,00bsqmj12
153977,Q17010017,03dhrm424
154004,Q6912982,05p556071
154013,Q6922161,02e891h43
154022,Q4805015,052bk3d94
154059,Q7055704,055e3p039
154095,Q1781094,02h4qpx12
154101,Q2288251,05x31d492
154110,Q7057914,02me97413
154129,Q7060093,04r4z2512
154156,Q5263531,058w59113
154174,Q5969379,02yta1w47
154235,Q1669453,0405thq08
154332,Q114339377,
154350,Q7521073,04jjn8965
154378,Q7569425,04pxj3j71
154396,Q7571405,05s3r6j75
154493,Q7898705,02jhx4860
154518,Q7961606,01qpf3c64
154527,Q7971008,02exxw634
154536,Q13428257,03kv7mm58
154572,Q7987981,04ptyy568
154590,Q8016768,03m7qwy32
154642,Q4731591,03q8jhh94
154651,Q2842958,
154688,Q4849228,04r0kzx48
154697,Q4865605,05ht4fz15
154712,Q4887341,02fn4qf13
154721,Q4897733,03nv5gj57
154749,Q4897888,03aywkz50
154800,Q5002596,02sh7hr68
154855,Q5060545,04dnqhj72
154907,Q5135655,008e3px62
154925,Q5140993,024eshr84
154934,Q5142015,01vrvwk03
154952,Q5179758,00gpmge60
154998,Q5287843,006a04p80
155007,Q5296589,059edgr15
155025,Q1339396,04e6r1478
155052,Q14689503,02sj9qn07
155061,Q591426,00rwzgx62
155070,Q4859925,040wesb37
155089,Q284508,005ywsr52
155098,Q5471998,0084ktm65
155104,Q5522202,04ac17w60
155140,Q845332,0376mc966
155177,Q5746274,04sdnwd65
155186,Q5758719,03nwf3f39
155195,Q5950653,03b9s4g93
155201,Q8171840,02t36nw30
155210,Q6268244,059r8r572
155283,Q114339378,
155292,Q6364783,02ckz2f26
155308,Q114339379,
155317,Q52413,001tmjg57
155335,Q7018497,0038gz437
155399,Q31249,05p1j8758
155414,Q6365149,01p37he69
155423,Q7971450,
155450,Q6467012,04w0qkc46
155487,Q6749226,03yk5sc72
155496,Q14689766,03at7j224
155511,Q6802590,00d27f502
155520,Q6840874,058vzj997
155566,Q14689828,008s6wa39
155593,Q21410979,05kqjmn09
155618,Q7060100,03xjfrn37
155627,Q7109265,04jscf286
155636,Q99285885,
155681,Q2097334,04hteea03
155715,Q7238753,
155812,Q7896225,04x94xw62
155830,Q7404621,
155858,Q7458174,027hwee24
155900,Q7571407,04t104d61
155937,Q7611389,02rey2c02
155973,Q7673530,00zvm9z02
156082,Q941551,04sk2ar21
156107,Q7998112,01j933b41
156125,Q429561,00c4e7y75
156189,Q4725961,00xngee30
156213,Q4803762,03pszb036
156222,Q2645880,026j3ke77
156231,Q4805237,03w9z9x42
156286,Q2894666,04p81nz21
156295,Q846859,05kmcre68
156338,Q7569240,04yyexg79
156356,Q4961841,015ahgd08
156365,Q5028213,047cmjs63
156392,Q14690128,034zes736
156408,Q1804942,00yvyvt82
156417,Q5130680,05d23rn59
156471,Q114339480,
156541,Q7896695,05jz3sn81
156620,Q1278206,012xks909
156648,Q5363875,021dwa633
156727,Q5506030,033v1q508
156745,Q5546985,059yd5j13
156790,Q5687641,013rsnt52
156851,Q5713257,00vzha967
156860,Q5900754,036vdb341
156921,Q6175409,03zrmej96
157021,Q114339483,
157030,Q6392309,03v16kr17
157058,Q1187623,05xh8jn56
157076,Q1739079,02fncne76
157085,Q1360303,02k3smh20
157100,Q6392195,056nda222
157207,Q6537868,03bqbw279
157216,Q6552909,03e7v3527
157234,Q6689452,
157270,Q7636397,02nm6nb22
157289,Q1317143,01ckdn478
157298,Q6689522,02rfxzc53
157304,Q6728231,039mh4d88
157331,Q6797991,01tx99335
157359,Q17010110,03rn1m191
157377,Q14690940,05r94ab93
157386,Q633040,018yta094
157401,Q574586,01fmwcn13
157438,Q5527226,00x11zg33
157447,Q2001033,01k44g025
157465,Q5243247,006hpkx89
157483,Q7985612,0352dma55
157535,Q7896112,02fs2ee62
157553,Q4906269,0129nkm21
157632,Q7587404,0457x4y88
157711,Q7559838,01dzc7q23
157739,Q7569355,04t4ty441
157748,Q7569667,03ywnpj79
157757,Q7572993,026492508
157766,Q7576235,
157793,Q7636437,0575c3z81
157809,Q7792539,01bxnaj63
157818,Q956056,01h4hqc60
157854,Q6392203,046ekqm80
157863,Q7885568,04n5aqd27
157951,Q1474105,0446vnd56
158352,Q6689340,05qc49402
158431,Q4947595,050af1664
158477,Q5059076,02m2as397
158662,Q5253711,05rkgsm35
158802,Q4359655,00bz6qm80
158884,Q7069822,03dyemd88
159009,Q5593620,05mnb6484
159373,Q6460011,01qv8fp92
159382,Q13634567,043z25g17
159391,Q1521725,05ect4e57
159407,Q6689310,04pf12f40
159416,Q6689312,02c4cbt39
159568,Q17008973,029p3kk30
159647,Q1872239,04q9esz89
159656,Q172430,051f75a52
159717,Q634396,00h04da97
159939,Q1474157,034mtvk83
159948,Q11283766,04v4h5886
159966,Q11884307,04pq5x672
159993,Q1552010,02qeh3c90
160029,Q7063476,03k94d886
160038,Q2001231,049ams583
160065,Q12065026,0178ysk77
160074,Q7111019,05nx3r660
160409,Q7401567,05kc32532
160481,Q55106540,05jqagv40
160579,Q7571863,00twbjb24
160612,Q615998,0531xck41
160621,Q627271,04r3m2882
160630,Q12002144,05q8e6988
160649,Q7570578,04y71bh49
160658,Q116485,01x8rc503
160667,Q115536568,02q094x95
160755,Q1193547,04vmvtb21
160904,Q390087,0085d9t86
160940,Q4754604,
160959,Q5146880,00n5re093
160968,Q4855574,
160977,Q810771,003yn7c76
160995,Q4876120,02g553740
161004,Q895401,03gh96r95
161022,Q104901588,05a0xpx35
161077,Q5061387,04e4qaj02
161086,Q1075116,00fvyjk73
161138,Q5330269,050tgz329
161192,Q6389547,04hpxzg72
161217,Q7895654,041gqhg24
161226,Q7895656,00ydm0027
161235,Q7895655,038s91v75
161244,Q7895657,00e9xa106
161253,Q1307345,01adr0w49
161299,Q5978689,007paj431
161341,Q7895658,00nk17n43
161457,Q8215036,02n2ava60
161484,Q14715332,00vxbe865
161509,Q3695342,00dds9q45
161518,Q7401512,02gb7bb36
161545,Q7570118,01aywcp58
161554,Q3244049,03ke6tv85
161563,Q7788537,00z6yks89
161572,Q7893782,00zda8x95
161581,Q7971755,01mtwad75
161688,Q2837834,02tj9h434
161767,Q4768125,035zj6b18
161864,Q4852809,03b286288
161873,Q7895109,024gw2733
161882,Q4852883,
162007,Q895439,0567w8j84
162061,Q5035867,045ej2q36
162104,Q5056011,00pkwdr13
162122,Q5146839,03tkh4446
162168,Q5092856,04d5rm267
162210,Q3551510,035hvd463
162283,Q5168881,05exmrf24
162371,Q7053864,
162557,Q5497565,05c0t8x83
162584,Q1470544,048drzm61
162609,Q5523877,04j06r887
162654,Q4134258,055ag3e81
162690,Q5638638,0584why53
162706,Q5656978,00bvzcv50
162760,Q5897438,04e6ngf61
162779,Q5919334,02bzq7389
162928,Q193727,00za53h95
163046,Q5399470,01by1wp65
163204,Q14692455,01w1pbe36
163259,Q4119470,04rq5mt64
163268,Q735049,02qskvh78
163286,Q503415,047s2c258
163295,Q6781349,043mgze97
163338,Q49089,006cymg18
163426,Q6905671,00b7x1x53
163453,Q1054905,017d8gk22
163462,Q6923804,02nmv9618
163532,Q8052870,
163578,Q7063504,00dncgb07
163657,Q7243998,00yw5v481
163736,Q17059629,05d755m86
163842,Q7590435,00n34gb90
163851,Q7404818,029gwvs11
163912,Q7590249,01y2d1w05
163921,Q7555052,
163976,Q20950053,
164076,Q1474129,044w7a341
164085,Q14692174,01nvm2856
164146,Q1480532,01r0c1p88
164155,Q559549,00znex860
164173,Q7615536,0149s5s84
164216,Q4564567,02vk0qj37
164243,Q7972343,
164270,Q6800835,01zc5h177
164313,Q8037300,01hzrxx48
164368,Q1047226,01my2ss20
164438,Q7007199,03pgfye82
164447,Q3695722,02p014d02
164465,Q49165,028vqfs63
164474,Q4754626,00qbv9d45
164492,Q4767291,05tep8d22
164562,Q3445783,039k72y49
164571,Q4816584,03aat3341
164580,Q650167,01f0syq13
164599,Q4854166,00bf78a39
164614,Q4947745,043xy0x82
164632,Q3695687,05xca6483
164641,Q4874113,04hcs1a71
164720,Q4878659,00vn6kg36
164739,Q693674,01px48m89
164748,Q248970,05k9wtr55
164775,Q4892251,0300ggk05
164872,Q3445063,00q4tes89
164915,Q4947923,05jhyr833
164924,Q49118,02n2fzt79
164933,Q2303621,0274e5q02
164988,Q49110,05qwgg493
165015,Q49119,05abbep66
165024,Q3446076,02x3skf39
165033,Q4968880,05e168j76
165112,Q3695816,05r3ht428
165167,Q3695713,036qj5r13
165194,Q5034681,02w1skc55
165264,Q6467575,04ksz1n23
165334,Q1095773,04123ky43
165495,Q5166726,04q7y8a54
165529,Q5195204,03cyjvc50
165574,Q5246081,00b44sj21
165608,Q5277151,
165644,Q3046576,047g72407
165662,Q1335573,011xz5b94
165671,Q5373193,02rdhhs90
165699,Q5376124,051e7m916
165705,Q5383462,05kbrcy03
165802,Q5454775,02a3j1p21
165820,Q4982087,031tt0491
165866,Q4982077,02mp2w060
165884,Q4888646,01f6y4z59
165936,Q5585004,0364wpq06
165945,Q5586069,032hvdr57
165981,Q5603955,01b5xma27
166009,Q5643027,
166018,Q1706859,03pe1mm80
166027,Q13371,03vek6s52
166045,Q5695836,05y3p3k12
166054,Q5707189,03vxb8t23
166124,Q2620177,05dwp6855
166133,Q5887074,026jqgj23
166391,Q6492933,026z1v086
166452,Q6530549,013ennz48
166489,Q6674563,0104aqe39
166513,Q15143,03hamhx47
166601,Q3847651,
166629,Q15142,0072zz521
166638,Q15144,04ydmy275
166647,Q6784196,018r1es63
166656,Q6784222,02fvywg07
166674,Q4381563,032k6a629
166683,Q49108,042nb2s44
166692,Q6784318,02jv9nh47
166708,Q7895715,0464eyp60
166717,Q6784362,04asz2z59
166823,Q6784557,011rcn817
166850,Q558957,00bqy3h17
166869,Q6715708,037msyf12
166887,Q2075221,02rdhze40
166911,Q6906574,03c9c1383
166939,Q1140542,031z8pr38
166948,Q6921392,04yz5fm13
166957,Q12062125,02p6vh725
166984,Q1298529,01ja11s84
167057,Q1347162,04v5m9m10
167093,Q14715762,02t110213
167215,Q386348,019mrv168
167224,Q10336543,011na1r14
167251,Q7017227,01g4a4162
167260,Q7026557,03tx62s72
167288,Q6784220,01ka28180
167297,Q500269,01pe8g251
167312,Q735057,00wdghj92
167321,Q7007272,01952nm43
167358,Q37548,04t5xt781
167376,Q7058332,04bx29k51
167394,Q5366900,04xgb0s62
167455,Q7195264,031v6xt50
167464,Q4926268,03b325x62
167525,Q7272130,03ej8cj80
167534,Q7272348,015n5ef16
167598,Q7309324,01t77y753
167631,Q7372413,051cmzf26
167677,Q7401445,
167729,Q3695750,023qmza96
167738,Q7406075,
167783,Q14437811,04mbfgm16
167792,Q4860034,034pcpg38
167835,Q49204,0497crr92
167899,Q2809940,02ak1t432
167905,Q7581060,039f7g519
167987,Q4118040,00fzmm222
167996,Q14715866,023288525
168005,Q1056123,05y50nr98
168148,Q49120,05wvpxv85
168218,Q49205,01srpnj69
168227,Q12010517,03tqeft14
168254,Q7988102,007cnf143
168263,Q14438080,05pjd6b26
168281,Q924318,055ja0v85
168290,Q7992330,00mnwwq78
168342,Q49166,04avkmd49
168421,Q195046,05ejpqr48
168430,Q3446068,04j8de466
168528,Q4684938,02f131c52
168546,Q2831920,05nnk3913
168591,Q4733529,02pdzen98
168607,Q4734793,04yvwfh57
168740,Q109176,04aaa2n62
168786,Q4782984,0252gzq20
168847,Q4849134,003rdc798
168883,Q4874178,04tqs3t69
169080,Q2698482,05r0q9p84
169099,Q5024513,004q90683
169220,Q6837668,03c174j31
169248,Q250205,02xawj266
169275,Q6918618,00hjr9f41
169327,Q5130976,03fhhje23
169363,Q5158997,01yma9m40
169424,Q906437,03v4jhb18
169442,Q5146598,04n4x0209
169479,Q5230267,055e80y87
169521,Q5254597,057afqq06
169628,Q6837719,
169655,Q6837572,
169716,Q1320232,0037qsh65
169798,Q1278221,02ehshm78
169910,Q1407897,00cg1ev32
169974,Q5567925,04564ag58
169983,Q6395480,03rcspa57
169992,Q5577338,05wd26881
170000,Q5591004,04cas5j33
170037,Q5171689,01nfeyj87
170055,Q1771451,02ff40f54
170082,Q1472315,001m1hv61
170091,Q5599431,02ntagd75
170240,Q5721408,02d9tbb08
170286,Q5763774,05vs4fq96
170301,Q2475371,03chnr738
170444,Q6116999,00x9kww32
170532,Q6350383,001qst305
170541,Q6350423,00rw81y84
170550,Q6385846,00q709v87
170587,Q6416228,00f3sby32
170620,Q6476901,0510trc57
170639,Q1591654,00yeysh84
170657,Q6487450,02nwxzm09
170675,Q6504630,04d52ej85
170790,Q17018054,04s42tp09
170806,Q6728390,02rg9ze43
170842,Q6781189,00vj8w868
170967,Q7353961,04sgyk254
170976,Q230492,00jmfr291
171100,Q270222,05hs6h993
171128,Q12432,0036rpn28
171137,Q7895782,035wtm547
171146,Q7895785,01c3xc117
171155,Q6840980,03f3r3r28
171225,Q6902155,016b0by26
171234,Q6904550,00hmhc458
171304,Q6942755,0144edt49
171395,Q7054750,05egk1864
171456,Q624970,01epvyf46
171483,Q7060343,025e3bx20
171492,Q7060498,01hk15q16
171535,Q7073987,03nsh5473
171571,Q782116,01ythxj32
171599,Q7087996,0499es143
171881,Q6449111,0069hee22
172033,Q7397231,055s5z318
172051,Q7399281,01y7m0485
172200,Q7432652,03j2znq68
172264,Q7511074,02p2msn36
172291,Q7587566,03xb7n045
172307,Q7571432,01g1dn598
172325,Q7575070,02fd5ff90
172334,Q7580375,02j8e5x02
172422,Q6837471,
172440,Q5450502,05htw0667
172477,Q17032823,00ed7qw32
172608,Q7963818,05s4pg032
172617,Q7972632,03k77wm53
172635,Q7976138,01ak8sk10
172644,Q349055,01070mq45
172671,Q14716344,01wm6bg59
172699,Q1546191,04j198w64
172705,Q7988384,03anfvd83
172918,Q4720997,00bmxes04
172954,Q4769889,01cf8hm38
172963,Q4769881,05eybs418
173045,Q760516,057ewhh68
173063,Q7338244,05c9nwr56
173115,Q7060212,03taxx854
173124,Q816377,01yjyvb35
173142,Q4897766,03z2kds18
173160,Q3445045,02faxbd19
173203,Q5061331,04rx3a489
173258,Q1041671,03jep7677
173300,Q5158956,00ppb2x90
173328,Q5159001,01qxhf360
173416,Q5210002,05a6ey653
173452,Q6776047,05pc4m625
173461,Q6477887,03d6j2008
173489,Q5313502,03k3yk915
173559,Q6868461,01afz1h27
173638,Q6868628,01fbwnx94
173647,Q5621541,007q4yk54
173665,Q1366519,01bcdmq48
173683,Q30263383,00a0y1f58
173708,Q5714836,00m41wh60
173735,Q5750676,037saaz25
173799,Q14692660,021bx9h20
173805,Q6094102,00mz09160
173887,Q4796890,03a0mw410
173896,Q6705636,04zsgrk35
173902,Q1141571,04fceqm38
173911,Q7566745,037yxaz30
173920,Q1937387,04att9732
173957,Q6797536,
173966,Q6797552,
173993,Q6821105,01s26xz84
174020,Q6825262,056rp9e47
174066,Q238101,017zqws13
174075,Q7895797,04w6xt508
174118,Q6867967,01e33x915
174127,Q6867974,05mra7z37
174136,Q6867977,0583wsb64
174190,Q6868424,
174206,Q5188827,000v4bn80
174233,Q2495874,01hy4qx27
174251,Q3551758,05vzqzh92
174358,Q6868559,03msdae35
174376,Q7055585,02hfw7a32
174394,Q4976094,
174428,Q7053028,05b58tt16
174437,Q7054767,02gk19b80
174473,Q7059512,00jy45w85
174491,Q7060296,019t2rq07
174507,Q7060311,00186jw56
174525,Q7073595,02h6mhy16
174570,Q7195368,05b5ahr77
174604,Q7285018,05kwakw98
174738,Q24062830,05pvfsz50
174747,Q5146820,00watgv28
174756,Q7587641,01awqyw81
174783,Q1136874,016czhx14
174817,Q2212976,04v3sec91
174844,Q1515763,01q7w1f47
174862,Q5189332,059617j81
174899,Q7726780,00yy85n18
174914,Q1164229,05vfxvp80
174932,Q16258686,
175005,Q3444427,03x1f1d90
175041,Q7402041,03tyfrs48
175078,Q7571324,005nbjh06
175139,Q7893604,
175157,Q7921585,02c6nb222
175227,Q5315811,040vj3n59
175236,Q21027898,0598gge11
175263,Q6868459,01422c992
175272,Q3233786,00kmxt141
175281,Q22060180,
175281,Q8015692,
175315,Q5063141,008hr1h38
175342,Q1805243,00dr54257
175421,Q4882717,039bc5x74
175430,Q4929506,02zwjvm55
175519,Q5137668,04gzw7t05
175573,Q5168572,02kc2j595
175616,Q3887993,0326egx05
175643,Q5328044,03qa0dm98
175652,Q5329000,
175786,Q5766201,008d28s71
175810,Q5883533,02kxx1c93
175829,Q6094155,00mcjxw34
175856,Q1747601,01ecnnp60
175883,Q6275177,006xake10
175935,Q6819301,049f03n31
175980,Q6860022,0494reh34
176008,Q6879118,01zmrev66
176017,Q1138384,02teq1165
176026,Q7895819,
176035,Q3468084,01hs43g67
176044,Q3316928,00rz5xc38
176053,Q6879096,01p7j6t08
176071,Q6879156,01vgd5418
176080,Q1939211,0432jq872
176169,Q7057941,03enn8902
176178,Q7060118,04x450n10
176239,Q7158147,0403qeq92
176318,Q7382396,02t6r9161
176336,Q7569416,02f5k2623
176354,Q7571325,00hh4c656
176372,Q624090,0270vfa57
176406,Q6603941,03feyt230
176451,Q7983850,02m0pjb51
176460,Q7983895,
176479,Q8006551,03r7c7356
176549,Q4732561,
176600,Q4782996,029xxx628
176619,Q4808647,0151q7p66
176628,Q4828842,002f2sy95
176664,Q4857601,03dd4nz58
176770,Q114339487,
176789,Q5024150,04xqb6e91
176910,Q5060546,01gsckf69
176938,Q5060451,
176947,Q5061424,04zmm8y38
176965,Q7895252,02c63wv67
177038,Q5132088,04fktme39
177065,Q5149656,012yg2g20
177083,Q30257935,01ysajg40
177092,Q1124179,05tq5tc82
177117,Q5175610,05w3cd862
177126,Q4118781,04s6nsa81
177135,Q5189182,04t99en88
177144,Q5193756,00n855a93
177214,Q5309401,03ntw4c66
177250,Q5328042,03cpyj611
177278,Q5336928,
177302,Q7196285,
177339,Q4569311,05shfp710
177418,Q5465153,05q0qkg33
177427,Q5468990,04fves619
177472,Q7116527,04y8sc244
177542,Q5649147,03rxv1p12
177551,Q5666316,00fqyhf62
177579,Q16892267,01bkbkc06
177676,Q6175404,04fcaga30
177719,Q4861586,03jta4a35
177746,Q6364655,05tbkx115
177816,Q6391348,04c581336
177834,Q4647420,05hr6q169
177940,Q1126179,05hn3aw08
177968,Q5617088,01qf95793
177977,Q43895381,012n4jm27
177986,Q6666966,058ndjg49
178004,Q98115008,
178059,Q6781811,02myg6142
178183,Q114339490,
178208,Q6843458,035ccrh61
178217,Q16895147,05njab859
178244,Q6879494,05wfyqn93
178305,Q6879509,01c9nq002
178341,Q6879708,01zqbp192
178369,Q3634752,02msncq66
178387,Q1939221,03vn2ff22
178396,Q579968,02ymw8z06
178402,Q940690,01w0d5g70
178411,Q4380853,00scwqd12
178420,Q625103,037cnag11
178448,Q6886673,04d5j6d22
178518,Q6983281,036hyk644
178615,Q7847734,0396bvs97
178624,Q7060123,05maved80
178679,Q7116478,05ezpsg97
178697,Q5146892,03w6qq889
178721,Q4568903,04ngpga37
178767,Q7615475,
178785,Q6825055,02bdat184
178891,Q7293233,039szfp14
178989,Q114339491,
179043,Q5594651,038997171
179113,Q7589602,
179159,Q734774,01p7jjy08
179201,Q7417670,
179256,Q7401662,0169by476
179265,Q7589597,01btzz102
179308,Q7589601,
179317,Q7402050,
179326,Q7571224,02dgbcj80
179344,Q6879735,011vtgm04
179539,Q7603209,00v02jt04
179548,Q12070051,0305v8773
179557,Q635118,010n41y16
179566,Q1249251,01d2sez20
179645,Q7797728,05t6em937
179715,Q7054751,02sx3vp22
179812,Q6364916,052em3f88
179867,Q777403,01yc7t268
179894,Q1465303,01x8j4206
179919,Q7983028,045sx7862
179946,Q7989150,0421aqz02
179955,Q3307837,037kgpk38
179964,Q3445253,05ktv1y25
180054,Q4922829,02kgm7r43
180081,Q114339497,
180106,Q5046531,00x5b2p37
180151,Q5242645,04szag615
180160,Q5096717,00efy1453
180179,Q6904332,01tj58m37
180197,Q5457900,0126jpc81
180203,Q4661582,00nst6k08
180212,Q5471807,03n0dgh22
180249,Q5599153,
180258,Q7895472,00jsr1632
180276,Q14704552,
180328,Q6649089,040fwvd70
180373,Q6851351,041kv9d24
180416,Q6904341,03ttqt747
180461,Q1861687,02w0trx84
180489,Q2302336,0078xmk34
180522,Q6904331,04ygywa46
180595,Q14704764,01t9de358
180647,Q7404844,03dtf6g75
180692,Q3551358,04rr0m327
180717,Q8051985,03t730d83
180814,Q4883967,00b7ckn36
180832,Q5127634,03vkpnc84
180878,Q30263365,05db4h730
180902,Q5060624,01w4nn703
180948,Q5066497,04mmv7r89
180984,Q5159000,03nvtfm43
181002,Q770544,05wf30g94
181011,Q5214698,
181020,Q5286494,025ngyw60
181093,Q5591402,05xpg8a23
181127,Q5680304,01myrq118
181215,Q7895890,04d5mb615
181297,Q6984754,02cj8qz82
181303,Q6825056,00p11e287
181312,Q65085827,
181330,Q6842463,05v0str08
181376,Q6984681,02ctkg564
181394,Q2495890,04yrkc140
181419,Q6984746,052942611
181428,Q7895888,00thqtb16
181446,Q6984798,03xp4dz54
181464,Q1353679,043mer456
181491,Q7057861,05x0zqa09
181534,Q7170975,031vg5s58
181543,Q7637784,05h4smh31
181604,Q5146822,01p3wmk50
181640,Q7569319,004gw9825
181738,Q7885570,00pmyff63
181765,Q6984688,
181783,Q7976637,02cntrd02
181817,Q7988097,01hefnn22
181853,Q8055402,022jz8688
182005,Q5146840,03fpzah45
182111,Q7714382,04wgk6417
182148,Q16253277,
182281,Q2302311,0406gha72
182290,Q1185955,01keh0577
182306,Q5598715,038m8dc24
182458,Q1129091,039fwv620
182500,Q7847197,04c0sqe08
182564,Q7988100,04vafwy12
182634,Q5142055,01dmz5y14
182661,Q5219048,002c7gt96
182670,Q49116,049s0rh22
182795,Q5491762,03e1jqq60
182829,Q7895906,
182865,Q5746210,04h1em726
182908,Q6511068,
182917,Q7726776,00rwtwt20
182980,Q14705363,059aewc73
183026,Q3445256,04t718460
183044,Q49207,01rmh9n78
183062,Q6382897,04c1gbz02
183071,Q7895907,04pvpk743
183080,Q7205857,00fpz4c36
183099,Q7008327,04xsmx455
183105,Q7995090,03ts76x74
183114,Q22060819,045znsy82
183123,Q21188312,
183132,Q6747337,020pkqq17
183141,Q6966902,04yyprp21
183150,Q18151044,
183211,Q7338849,02s3pgd18
183239,Q3463654,04eybkn52
183257,Q5595931,02qxp9a05
183275,Q7792542,008f09676
183345,Q5093509,
183600,Q4810350,
183655,Q4816324,01tphmj73
183743,Q4891499,02hwvpm08
183789,Q2897191,02xewxa75
183804,Q2904179,
183822,Q4928235,04gdk0x87
183859,Q4974383,05mrhv083
183877,Q4999226,047ew8298
183910,Q5019140,01xqkk481
183938,Q5025749,00pmfef67
183974,Q5059073,04hgt1t77
184135,Q5302473,
184180,Q5177637,022q5wf04
184205,Q5193865,02an0gw26
184269,Q3298441,02z38kp20
184278,Q17018094,
184348,Q1795487,04gds4h28
184427,Q5377673,
184481,Q5399674,035b5r707
184603,Q1393301,04wkzvc75
184612,Q14705495,030101v90
184694,Q106927252,
184773,Q5548012,04m8b1e20
184782,Q1799872,049v69k10
184791,Q5572036,03snn3m57
184959,Q5330990,02fa80e12
184995,Q5928620,045akps60
185129,Q11991254,0546wew42
185174,Q7744970,05rhnav51
185262,Q6382148,04wzzqn13
185509,Q6818271,05nd97262
185536,Q6841902,03868wc59
185572,Q922647,01d6qxv05
185590,Q5018694,01nxc2t48
185758,Q13428327,03af2bn79
185828,Q3272013,05e74xb87
185873,Q7075970,04qxyd889
186034,Q7142508,002mbwb34
186122,Q909696,004j0wk96
186131,Q21578,00hx57361
186186,Q3682959,020t7f007
186201,Q7289009,03s2x9d90
186283,Q3551664,01dgn5344
186371,Q7382823,
186380,Q7382826,
186399,Q7382780,
186432,Q3443737,00cv1e222
186469,Q7404080,00agvd592
186584,Q585828,007tn5k56
186618,Q5146821,032tx7v10
186645,Q7294576,005c60751
186867,Q657222,02z43xh36
186876,Q7329259,0442n1j98
186900,Q7680259,
187046,Q7789245,05eq12k28
187134,Q7726772,02nx5r318
187161,Q7417678,
187198,Q7885602,00wjxpj07
187222,Q3551717,
187444,Q3444527,00k3ayt93
187532,Q5061506,02yw59f42
187596,Q17012153,05jkpmg51
187620,Q99474852,
187639,Q5135988,04f330m50
187648,Q10854154,02xag2b27
187666,Q100993996,
187745,Q4201524,003mdrz16
187897,Q7010189,016tyxe19
187903,Q653440,05y6zxn94
187912,Q7010214,00qc4yc66
187967,Q1052208,005p9kw61
187976,Q7895917,
187985,Q1190812,05fs6jp91
187994,Q7010288,007sts724
188003,Q7010292,01kbvt179
188021,Q16974705,035k7dd86
188030,Q1353248,00hpz7z43
188058,Q7058785,01e94xy17
188100,Q7414571,041jmaw90
188137,Q7419513,02axsa366
188146,Q3443307,05y2hka35
188182,Q7896772,00ydy7x73
188207,Q7571403,03njb3j41
188216,Q7571422,04hemee20
188225,Q30286219,
188261,Q6821115,03afrdr97
188304,Q7988105,00r5mr697
188340,Q3555077,056e22e24
188429,Q4682076,025n13r50
188438,Q7395009,01fw8ag12
188526,Q2830804,014hfaw95
188535,Q4709336,048w9r832
188580,Q4709349,03g66yt05
188641,Q3446091,01k81gt67
188678,Q389336,
188687,Q114339502,
188854,Q4744555,032035z88
188915,Q30279822,01w3ec513
188942,Q3633101,
189015,Q2882628,04v44vh53
189088,Q49109,04yrgt058
189097,Q167733,04rt94r53
189219,Q4891944,04vkgh027
189228,Q114339503,
189264,Q4897510,
189282,Q7185877,
189413,Q2910878,02xfdng11
189422,Q2923656,00hm0mb83
189501,Q1812600,002w9k038
189547,Q4975271,0001a2m26
189583,Q6631334,051c2tp06
189705,Q1033335,01056ge55
189839,Q5055461,01a2m8x11
189848,Q5055525,00nzbtt45
190008,Q5121453,0186tvr04
190044,Q931865,03rwgpn18
190053,Q5134090,0468fwt03
190071,Q60782733,
190080,Q5144788,02tn5xc56
190099,Q1191335,05d23ve83
190114,Q3307468,012saek46
190150,Q49088,00hj8s172
190169,Q5149957,00z0vcr53
190248,Q5158955,0437gna76
190372,Q130981,05pbkcd34
190415,Q49115,05bnh6r87
190424,Q3567094,02r109517
190442,Q5171775,00sepad12
190503,Q1143412,00bcgjj54
190512,Q809633,023qavy03
190521,Q4946345,040hwr020
190530,Q4974180,04w6mxh75
190549,Q371625,019k4jq75
190558,Q5146845,02p179j44
190567,Q1093910,00wmhkr98
190576,Q1024543,00awd9g61
190585,Q5909476,002fqp272
190594,Q1446181,00g2xk477
190600,Q1700617,01p9rc392
190619,Q6413125,03a4k1f37
190628,Q6460759,05a3mwa69
190637,Q1128593,03m908832
190646,Q6805332,03we2aj97
190655,Q3678632,021a7pw18
190664,Q1760438,03v8adn41
190673,Q7270850,03a4vma36
190682,Q5123486,00jtran50
190691,Q8055406,015a1ak54
190716,Q5203187,05adsq794
190725,Q5208240,00haq1z06
190761,Q5290735,01y8myk27
190770,Q5302745,011ezgm44
190840,Q5317480,0188sb718
190983,Q3051594,02fj83z08
191083,Q5388284,00tqjtg68
191126,Q844999,03jwrn541
191199,Q5450199,011kg8p14
191205,Q5456170,03bnxc149
191241,Q130965,03qnxaf80
191302,Q5508483,01cmkbc96
191320,Q1501676,02qsgha90
191339,Q5532715,053j19t39
191515,Q3113011,05709zb94
191533,Q2653975,0288qta63
191597,Q39058354,
191612,Q5739244,03hrye043
191621,Q5761194,054t0wk73
191630,Q4119316,004majf41
191649,Q1623314,03pm18j10
191676,Q4500472,04vjs1b18
191719,Q5928989,036wt8y39
191764,Q6040204,
191834,Q6039892,
191931,Q6063486,00m79dm66
191968,Q3540690,01kw1gj07
191986,Q6146214,0068dme40
192004,Q6146200,01z524369
192022,Q6175407,00j387684
192040,Q1688743,00z6fc259
192110,Q503246,04g449w06
192156,Q6376191,
192192,Q6395612,03hx4fx74
192244,Q6426941,
192271,Q6458722,04nvfwd22
192323,Q5591138,00q369629
192439,Q6458842,
192448,Q1783603,0324fzh77
192448,Q543394,
192703,Q2749572,02xhnzg94
192712,Q1702106,033e57h61
192749,Q14706889,05qhdx204
192785,Q6761106,008zh9d08
192819,Q6765664,04wx3x242
192864,Q3296302,000psz759
192925,Q6804993,021j0xm63
193016,Q16951582,02s99ck98
193070,Q6821345,
193201,Q6850968,04pcmb734
193247,Q14706973,
193283,Q6893825,02ps2mz85
193292,Q6896481,0277z0p27
193308,Q3321306,02sz42a76
193326,Q6902141,03psxy088
193353,Q6923424,05h3de220
193399,Q2982993,03d7vz670
193405,Q1950740,04a9tmd77
193478,Q6967558,05v0vas53
193584,Q6983313,0224bx186
193609,Q993267,03wp7b065
193645,Q5146784,04erv1b58
193654,Q599316,02tvcev59
193751,Q7013116,054ztz556
193821,Q3339059,011yp0a52
193830,Q4115972,03dkvy735
193894,Q13428369,
193900,Q49210,0190ak572
193946,Q7023609,00637yt37
193973,Q3551657,05309tf52
194028,Q7054934,05k6w6915
194073,Q14707079,004q7z165
194091,Q1709596,01bghzb51
194116,Q30263418,02a1nbm25
194161,Q7070780,04gbjf340
194222,Q7094484,04msyas67
194240,Q7099552,00g7a7c91
194310,Q556098,047p7y759
194392,Q7153646,01d9xyz57
194499,Q7203590,05bethj26
194541,Q75478,
194569,Q5241855,02kt0tf86
194578,Q1204714,007m3p006
194657,Q18785312,
194763,Q8052868,
194824,Q49211,01rtyzb94
194958,Q7352053,01bzgy570
195003,Q2140778,00v4yb702
195030,Q149990,022kthw22
195049,Q270272,0420db125
195058,Q7355439,03w9e3r89
195128,Q1726892,02bm6g618
195137,Q7399121,035dpw102
195155,Q7587290,02fypjr73
195164,Q93662,026bv4494
195173,Q530424,00571jt67
195216,Q1411093,05pvqha70
195234,Q7726778,00nv9r617
195243,Q7591912,027b9hx20
195304,Q1051840,04sxj4848
195322,Q7431152,03ncxj847
195429,Q13428361,
195438,Q7459831,03e8zd719
195474,Q768054,01v62m802
195526,Q7535073,04nzrzs08
195544,Q3463909,02fs6en72
195571,Q7401528,03pbhe678
195580,Q402829,0428qkc73
195720,Q7588902,05ech9204
195809,Q1138374,00bgtad15
195924,Q7632390,
195988,Q7636401,025320p83
196006,Q4723471,00fe1xp94
196015,Q7603620,00tdmgj61
196024,Q7603622,017a2yz34
196033,Q7603621,02sgpe757
196042,Q5435862,010thz337
196051,Q6914146,008zr3m11
196060,Q1780816,012zs8222
196079,Q863813,008rmbt77
196088,Q681025,01y64my43
196097,Q969850,05qghxh33
196103,Q7603610,00qv0tw17
196112,Q18155496,000fxgx19
196121,Q7603617,0306aeb62
196130,Q4570064,05ms04m92
196149,Q7603623,05a4pj207
196158,Q6487738,05vrs0r17
196167,Q6149540,03g1q6c06
196176,Q7603625,03j3dv688
196185,Q4146980,02r3ym141
196194,Q7603627,01597g643
196200,Q7603628,032qgrc76
196219,Q4359408,057trrr89
196228,Q14707354,02v9m6h26
196237,Q7603624,02rrhsz92
196246,Q7603626,033zmj163
196255,Q3246712,0041qmd21
196264,Q5374138,03sg2bq51
196291,Q7603615,02d4maz67
196307,Q3297997,040kfrw16
196413,Q617433,025r5qe02
196431,Q3881299,05g7f8997
196440,Q7680260,
196468,Q7691246,
196477,Q7669715,0064w0326
196565,Q7820362,051awsb83
196592,Q904943,05hwfvk38
196653,Q7844818,00vhmxj78
196680,Q4572396,05mw8jn36
196699,Q7395016,02r0wp596
196857,Q14707270,
196866,Q1567748,058w5nk68
196884,Q1196251,05jesdm52
197018,Q7893585,
197027,Q1806541,02vzf2422
197036,Q9219,01jepya76
197045,Q7902782,002ygss10
197081,Q7902799,031dhd775
197133,Q2093794,022x6qg61
197142,Q7930417,01m5tj961
197151,Q1279835,0437v2m88
197197,Q1605513,03bvq6y88
197221,Q7978660,02f29yc36
197230,Q7981631,006pvfx30
197285,Q7726779,00ck0vh11
197294,Q7987232,02r2qbj91
197522,Q8032283,02825cc16
197647,Q30263674,05w9pqd22
197674,Q8052865,04r030w90
197692,Q8052839,
197708,Q1048851,045x93337
197744,Q8052831,
197814,Q5146859,01jg6rj30
197832,Q7714371,
197850,Q7568220,02fs6pb13
197869,Q620640,051m4vc48
197887,Q4804932,05hjjxp72
197911,Q4865607,00mesrk97
197966,Q20708823,01vqm0433
197984,Q4884322,00aj75s74
197993,Q4889676,03cey6t89
198011,Q4923738,01abzeb36
198039,Q4929702,
198066,Q4962515,04p457x22
198084,Q28227714,02em8e723
198109,Q5015257,0251djz27
198118,Q5019139,04a5x3y83
198136,Q904219,00dv9q566
198154,Q5034785,05mc3r439
198206,Q5047231,03zc86h29
198215,Q5051596,01hrt5088
198233,Q5051600,030hd3e53
198251,Q5060508,007x12q48
198260,Q5061651,04h9z0906
198303,Q5105527,00g58cv73
198321,Q5132104,00mxaqt17
198330,Q5138264,02cb4m248
198367,Q5182720,058jtxa41
198376,Q5241643,02qz3vf90
198385,Q2902978,02f7k4z58
198419,Q168751,00py81415
198455,Q5316567,03fm7wh60
198464,Q1277776,01vx35703
198491,Q43895339,029b3y474
198507,Q5362587,02n5cs023
198516,Q4568893,01szgyb91
198534,Q5439067,02twzqt54
198543,Q1399078,03rj92e31
198552,Q5470661,00het1s45
198561,Q3551409,02gj0v433
198570,Q5526717,01hr9q823
198598,Q5604445,02eb31840
198613,Q5615915,04fq7xz90
198622,Q5615941,03bq13516
198640,Q5642145,040ykgb05
198668,Q5687437,048nw8b43
198677,Q30263384,04czy3x31
198695,Q5756235,029qx3s09
198710,Q14707985,04q9bek18
198729,Q14707988,0423bpd98
198747,Q6500038,00a08ze66
198756,Q11979088,00s3z8519
198774,Q6268628,04ygnx468
198808,Q6516492,05g1rz111
198817,Q6523043,01avf0w32
198835,Q6523054,05bggyp09
198862,Q6659715,03t56ts61
198871,Q6688580,01xgyw658
198899,Q6773136,050k5ft87
198905,Q60785255,
198914,Q23302803,05vsymj75
198923,Q60785258,
198950,Q6818913,02g0yj703
198969,Q6823850,03fa2nf38
198978,Q114339518,
198987,Q6881169,00awpt414
199023,Q6905673,
199032,Q6906389,0330w1668
199069,Q6922541,05x9yy985
199087,Q6966772,0306dg290
199102,Q1476484,02aze4h65
199111,Q7895940,017c6at71
199120,Q192334,0130frc33
199139,Q1783178,04dawnj30
199148,Q1321380,04fnxsj42
199157,Q1518804,051r3tx83
199184,Q7895938,01vfsab41
199193,Q1132346,04tj63d06
199209,Q7054645,05x8hy709
199218,Q2092214,02t0qr014
199263,Q21188660,
199272,Q8016704,04j59hx92
199281,Q10709746,05pckj715
199306,Q1796553,02k46bn27
199315,Q7191497,05h20p340
199324,Q7191501,03b3s2n43
199333,Q7199069,05v9c7616
199412,Q7270829,02nf34254
199421,Q7291805,0467tbj17
199449,Q30283193,00tye4g05
199458,Q6840626,009p87514
199476,Q7352160,05kp9q024
199485,Q7355383,05a4fj080
199494,Q99475994,
199582,Q7587158,054vvj456
199607,Q7404072,00aq42n63
199625,Q7410211,
199634,Q7416258,05y92qc28
199643,Q3443493,049x01c36
199698,Q7586947,00nb5xj61
199722,Q7569426,012ea8q16
199731,Q7571409,03bwbnb24
199740,Q7600091,01t0hvx23
199759,Q7569414,03mcw5r69
199768,Q7646919,01r9gn109
199786,Q4705810,02sk5qk36
199795,Q7839692,
199838,Q7914075,04sdh5f05
199847,Q392667,0207ad724
199856,Q7960951,03c69q147
199865,Q7970595,04vt0z780
199892,Q7976114,03fs51t18
199908,Q7988164,03hhjm063
199926,Q8002458,04cg1fd02
199953,Q8023021,02j8mex09
199962,Q8025153,01yyxv878
199971,Q5044794,00gs3en43
199999,Q8026034,049yc0897
200004,Q1050078,010h78f45
200022,Q4918312,042fn4q48
200059,Q5273748,01p0ttv97
200086,Q5470816,02gk9bd41
200156,Q6146207,01xqc9g05
200192,Q6477507,05grcng38
200208,Q5032498,04znr7t37
200217,Q14708393,055f0jp24
200226,Q14708361,032knn732
200253,Q5017530,051j7cj03
200280,Q968559,04a5szx83
200305,Q7055057,015by2x28
200314,Q5209997,
200332,Q2000624,05h1bnb22
200341,Q8022152,052zj9g72
200466,Q7532066,05qgtg165
200484,Q7842593,02xhv2402
200527,Q7856434,02mn8sh47
200554,Q7893617,02kk3dq58
200572,Q7912012,020wewd22
200624,Q7714373,
200697,Q114339519,
200785,Q114339532,
200800,Q1346135,02kyckx55
200846,Q7976107,
200873,Q65072501,
201016,Q4776135,05b11sy48
201061,Q4796670,04fszdm13
201104,Q986122,05c5js686
201140,Q4813398,03gnfa870
201195,Q1805202,001ghdf98
201283,Q4884341,051v7cd19
201371,Q886141,05pacqm37
201432,Q4835563,
201441,Q895457,00ay7va13
201496,Q81269194,
201548,Q5035685,00jy9e726
201645,Q1047060,051fd9666
201654,Q5057029,01t28d595
201672,Q5061542,03gbfvb23
201690,Q5061855,03xhrps63
201751,Q5087595,04sj6d461
201858,Q5120233,00342ps77
201867,Q5120243,03fe85378
201885,Q153265,01e3m7079
201928,Q5120311,01g5qva43
201946,Q16969696,
201955,Q80465345,
201964,Q7080767,02nv0qb16
201973,Q5127383,02k16sh85
202046,Q4166619,05grkcd68
202064,Q5132170,
202073,Q5132172,053cbsa02
202134,Q1100801,002tx1f22
202152,Q30589957,
202161,Q4954747,02dja5009
202170,Q5150026,03n6gc586
202204,Q7080837,
202222,Q5150126,02s8rep32
202356,Q5197072,01sgx5h42
202435,Q5241858,03j9n1e36
202480,Q2092392,021v3qy27
202514,Q14716399,04s04em45
202523,Q4493503,05pqx1c24
202611,Q5070784,05986z039
202648,Q16947040,0182rkr07
202657,Q5323099,
202763,Q7895390,03yemaq40
202806,Q4570194,00a3sq030
202903,Q5575668,04t25zj93
202949,Q5599710,
203067,Q1526305,
203085,Q5698693,04rcqnp59
203128,Q5769100,02bz74262
203155,Q5875780,01tpw6659
203331,Q14716404,04a5h3b47
203368,Q1666981,001gmya32
203386,Q5892894,
203447,Q6391915,05az7em54
203456,Q6391917,03a5bb278
203465,Q6391919,00gxmhc57
203474,Q100994109,
203483,Q111364851,
203492,Q6391918,016e0xz09
203517,Q1473615,049pfb863
203535,Q1797768,04ckqgs57
203544,Q2982989,019p1xx37
203580,Q6475773,00dvjtq12
203599,Q6478788,023ag6d08
203614,Q5147357,
203678,Q6128246,03a9d3647
203748,Q6678731,035aej353
203757,Q6689785,041dv9q58
203775,Q6744514,04ar4g412
203845,Q6763222,03apb0g70
203881,Q6765382,05rmmzm29
203960,Q6818726,019pkg396
203997,Q6823846,05c5nrc66
204006,Q6827453,
204015,Q6827457,
204024,Q590643,05nbqxr67
204158,Q6827460,
204176,Q30282338,003fgzm76
204185,Q3551642,022xw8j65
204194,Q6924393,01jtsd542
204200,Q5146779,00e8nsh51
204255,Q8066116,01j9bf827
204264,Q6942807,046410650
204422,Q7054763,04b6b6f76
204440,Q7060206,05ecqm310
204468,Q7063387,02wmjtd85
204477,Q7057949,04q9qf557
204486,Q7895989,02x2gpf88
204501,Q616591,05ac26z88
204547,Q6391909,
204608,Q18749126,
204617,Q7080808,00pmncr36
204626,Q7080838,
204635,Q1683585,052963a64
204662,Q7080965,
204671,Q7080960,00qa31321
204680,Q7080961,05h8s0v03
204699,Q7080962,03646q924
204705,Q7080963,01r8m0a35
204796,Q309331,00rs6vg23
204802,Q16975104,006hbbw23
204820,Q7081006,05fxqx152
204839,Q7081004,039eaqm23
204857,Q1075339,01jr3y717
204866,Q7081007,05qv7ha25
204909,Q194266,02qj9qr34
204936,Q7109428,0384yev14
204945,Q7114740,04cx8ae47
205027,Q1280192,02ep5c830
205054,Q7248033,
205124,Q119041510,
205179,Q114339554,
205203,Q7896213,02sghbs34
205391,Q7432374,05npcpv02
205443,Q7491567,0095r2297
205470,Q7522014,00pczg388
205841,Q7601976,05q9ht188
205887,Q7604774,
205957,Q5483039,00sfnf466
205966,Q7570499,02xaxz408
206011,Q7703070,03xr60403
206048,Q13311081,05xevhk22
206084,Q2302319,01pbdzh19
206154,Q30263420,028b5s745
206181,Q7839736,
206215,Q13428389,04qv87944
206279,Q7885779,047bc5j52
206288,Q7893602,04ca1xj65
206321,Q7898978,
206330,Q7900213,04kp3hw27
206349,Q7901303,02fhmsd26
206394,Q114339555,
206437,Q3444269,003ammk23
206446,Q7972231,03mbgzm57
206491,Q1730032,02b50zn53
206507,Q8022753,01k08ez36
206516,Q8024948,
206525,Q8028571,04a23br85
206589,Q1109093,029zqs055
206604,Q2002085,04qk6pt94
206613,Q100993352,
206622,Q1849843,00f266q65
206695,Q1783191,038zf2n28
206817,Q2878449,03rvph505
206835,Q3369346,05twga530
206862,Q7570171,005zah758
206905,Q7228359,
206914,Q3444292,00rgv0036
206923,Q5039806,03eabnp32
206941,Q3275637,02n455404
206996,Q5162061,019n4sb32
207041,Q5328060,0367njg58
207050,Q5330346,02s1t7068
207069,Q7306031,04bd4jp27
207157,Q14708443,00dk0pe94
207209,Q3302016,04z893x06
207236,Q6939474,043xmyg25
207254,Q7573895,002m0wj49
207263,Q3124195,01z7kzb45
207281,Q7058805,004ms0k06
207290,Q7058046,02c27v641
207306,Q7060359,02mr7vz40
207315,Q7082377,02mfxdp77
207324,Q7082127,02vbtbv10
207342,Q7896014,0457zbj98
207351,Q7082284,0446zdv37
207388,Q749718,01g9vbr38
207397,Q7082388,03y1zyv86
207403,Q367774,04nwm7739
207449,Q7082136,01n22w217
207458,Q3443498,02bs0cv29
207500,Q640652,02aqsxs83
207564,Q7082389,04eqy7d03
207582,Q3121493,058hnhf91
207661,Q13582663,04m0bzb15
207670,Q7367940,042dcve90
207689,Q3463817,03f08pf79
207722,Q7896279,001c9gn96
207740,Q7449538,01e78mv37
207847,Q866829,01aryec24
207856,Q7571400,05qj15q72
207865,Q1811567,01y8xtk20
207935,Q7852329,05f3efm35
207971,Q1848657,04wn28048
208035,Q7988127,03tktyg33
208053,Q5756145,
208239,Q3444443,01cb0jg64
208275,Q4929509,027w3dq81
208318,Q5061559,01by6g473
208390,Q5090359,05f37kp03
208406,Q5124879,02dhttr28
208415,Q5128598,05gexen20
208488,Q5158999,04dwckp88
208512,Q29641537,
208646,Q1278219,01s8xxq04
208725,Q7008785,05g617r34
208822,Q5539406,00w641b14
209038,Q6485363,05113n960
209056,Q4227955,013pz1582
209065,Q6553672,0228k1a18
209074,Q6554657,01zzhbb93
209108,Q6147915,05vyrqa83
209241,Q2820640,00fvxtb73
209250,Q6930281,001cbt815
209287,Q6935185,01qzkbq71
209296,Q6971607,052f5cv23
209409,Q3878581,0008taf66
209490,Q282097,009avj582
209506,Q427553,03c36x865
209533,Q7101142,01v41bc35
209542,Q861888,00ysfqy60
209551,Q766145,0293rh119
209603,Q7122577,04sr9vb86
209612,Q5929270,059z5w858
209746,Q7231908,01e4pq504
209807,Q1771717,00yn2fy02
209825,Q513658,01q6pmm96
209922,Q1140775,00a6ram87
209940,Q7359513,00f5afq73
210076,Q7196741,026s2hr03
210146,Q1888661,010kva064
210155,Q7571442,00sh4ma05
210234,Q7836728,01q1eja83
210270,Q7881771,0574rre95
210304,Q7969745,03sjenh86
210331,Q5169711,00n8j9g10
210368,Q7988285,03thxbc14
210401,Q930291,04g9e0f44
210429,Q1629641,002xn4752
210438,Q7896612,03c8vvr84
210492,Q4980834,01befse58
210508,Q337358,03pq5wv02
210571,Q4564494,029eaeb35
210605,Q5154687,044n8q784
210669,Q4062566,02jgzjj54
210739,Q5244080,02gag4781
210775,Q4737977,028gf7832
210809,Q7713455,04nap1310
210906,Q7714399,023enrs75
210942,Q2864539,
210960,Q4796894,02eh2pe44
211024,Q4857600,02nxjps75
211079,Q5154696,01t3g9a95
211088,Q4785174,00ff4bt20
211130,Q4903268,00ngt1q87
211158,Q4928377,007dga614
211200,Q4954746,00n900q40
211273,Q995265,05sjwtp51
211291,Q3444679,00fc1qt65
211307,Q4983461,00f659030
211343,Q5002600,0028fee73
211352,Q2932452,057a9pj22
211361,Q5021159,01spssf70
211370,Q5024148,
211431,Q5042860,011t2v902
211440,Q190080,05x2bcf33
211468,Q5056666,03vxay285
211477,Q5061634,04kczqa55
211556,Q5087708,05n2dnq32
211583,Q2962876,05bjd0w70
211608,Q3445541,02nckwn80
211644,Q5127034,027n40j28
211893,Q60450,00ymrc254
211927,Q3704937,03n9kxm25
211981,Q15213548,00tyja381
212009,Q1210045,02ydh7m84
212018,Q19159531,
212018,Q3026663,
212045,Q5301436,
212054,Q603034,04bdffz58
212072,Q5309980,00zh1bv32
212106,Q74343,02336z538
212115,Q5329446,05atz9219
212133,Q5330550,04txhk134
212160,Q5338120,001n0zm21
212197,Q5363873,01y0mgq54
212300,Q5374042,
212443,Q5415752,
212577,Q664881,04fp4ps48
212601,Q5521430,02y041669
212656,Q5532987,02vb7sj25
212674,Q1520129,045e26x92
212771,Q5597737,037wp0751
212805,Q5611381,01755xe07
212832,Q5623834,03qx7vw77
212869,Q5655059,03fgkm950
212878,Q5665208,002j9jj25
212911,Q579611,04fnrxr62
212984,Q3139537,0202stx84
212993,Q15227112,05b7jac82
213011,Q6004301,02mtbrk18
213020,Q1661325,0511cmw96
213233,Q6268234,
213251,Q6313025,01ayg2409
213303,Q6398457,03bqhc746
213321,Q6410887,0464edn46
213349,Q1340908,056veft20
213358,Q6464919,04bthcb08
213367,Q3106542,02beve479
213376,Q6468687,01v6q6r30
213385,Q1592074,036n0x007
213400,Q6483113,04cey8951
213446,Q6483254,
213507,Q6511142,05py5qd41
213525,Q15242208,05qqty169
213543,Q622137,012afjb06
213570,Q114339558,
213598,Q4570781,0521rfb23
213613,Q6665223,046aym564
213631,Q6705746,01qvdmc93
213640,Q6705747,01qz8fw96
213659,Q6706571,00sd35b30
213668,Q6707331,01rsgws32
213774,Q6751309,051axz542
213783,Q6751699,01emtgd92
213826,Q6781819,00vdhsr35
213914,Q7923541,
213987,Q6818830,054kd6r74
213996,Q3307047,03wanmk11
214041,Q6859396,02x2aj034
214069,Q6875342,00d2y1254
214111,Q10332113,0135ay670
214148,Q3323609,01nh53a98
214157,Q4571902,048gkf592
214166,Q15256672,03gappd85
214175,Q1951942,03cqsth74
214272,Q7001944,02sak2w47
214290,Q17063259,
214379,Q7057598,05j27jv73
214528,Q16976054,
214564,Q7406311,00p82hn55
214582,Q7163984,02zmzxn38
214591,Q7163248,01ky71w68
214607,Q15265897,0431afq97
214616,Q7163263,01h22ap11
214625,Q7163264,02s8ye387
214634,Q7163296,002j7gt32
214652,Q7163304,02dc3yz72
214670,Q7163261,03a7gbr86
214689,Q7163226,03d68c571
214704,Q15265894,041nhzq95
214713,Q7163254,00ftxzd18
214731,Q7163236,0342vy561
214740,Q7163245,00xkv4888
214759,Q7163249,032wnys85
214768,Q7163256,003t7v050
214777,Q739627,04p491231
214786,Q12065536,011apn769
214795,Q7163262,00a787753
214801,Q7163224,02qdtd855
214810,Q7163294,00sk5e460
214829,Q7163306,02e49q288
214883,Q7160940,050khzd41
214971,Q1952033,005qaye06
215053,Q7163689,044x5g822
215062,Q49117,00b30xv10
215099,Q3551662,03zzmyz63
215105,Q1068615,040w1dr55
215114,Q5017672,01109d775
215123,Q3378846,00m9c2804
215132,Q3443159,048gmay44
215239,Q2989707,00hm77b03
215266,Q7896145,0019bf448
215275,Q7896147,02b394754
215284,Q7896148,03n9scz70
215293,Q235034,01an3r305
215309,Q7896149,0242vta36
215381,Q7199301,
215390,Q7199302,
215415,Q7199403,
215424,Q7199405,03srzrr63
215442,Q7208107,017mfww27
215585,Q7300469,04zxxm138
215619,Q2299327,04981wd25
215628,Q7307539,
215637,Q7760328,02p58en94
215655,Q7347821,03r24vd05
215691,Q7368476,01v75b264
215743,Q7401271,04smsfy22
215770,Q1475413,05q87sg56
215798,Q3444141,00amjd520
215813,Q7402283,02w9pf714
215929,Q2495907,05xwb6v37
215947,Q1949773,03b4za748
215974,Q7865512,
215983,Q7490190,
216010,Q7498066,048arep70
216038,Q1799642,0369st156
216047,Q7587500,01jh5hv18
216278,Q7649352,02nmnpn85
216287,Q1378320,012dg8a96
216296,Q7709009,03awsbx38
216311,Q7680261,
216339,Q1420239,00kx1jb78
216348,Q7307513,05c2gdy67
216357,Q7783983,01m006041
216366,Q2471216,00ysqcn41
216436,Q7840088,
216463,Q2453575,005he3989
216524,Q7901181,02jqn4a25
216542,Q7912058,003js3p07
216551,Q114339559,
216597,Q1466001,02g7kd627
216667,Q7971641,05k3dc376
216694,Q7976817,02sbj8547
216764,Q3443893,0053n5071
216807,Q7989148,01j1cwt71
216816,Q1073873,05gy3fg68
216825,Q7989280,041tbvj87
216852,Q3443325,00nsyd297
216931,Q8002474,054nntz49
217013,Q8023017,05japer20
217040,Q4848655,
217059,Q8055408,02ssn3c97
217156,Q49114,05gq02987
217165,Q1012699,01gk44f56
217244,Q5558959,
217305,Q1517974,05pmf3t53
217402,Q1439629,00rxpqe74
217420,Q1613236,01k5gt570
217475,Q5154693,0104cy831
217484,Q1641788,013ckk937
217493,Q49208,04mxsc976
217518,Q3940116,017nweb49
217536,Q1695578,004qfsw40
217606,Q14715789,03nrq6f82
217615,Q4696945,01wk6zs95
217624,Q49041,02h7s7a86
217633,Q4754215,01gmrmd93
217688,Q5084184,03mwnnn55
217712,Q7692257,03w6f4808
217721,Q4887262,045r9wn29
217749,Q2740389,03rj1yh85
217776,Q5220742,03cf36w49
217819,Q4507421,00390t168
217837,Q7058061,0484fme70
217864,Q1806300,01vwr6t80
217873,Q5125034,052rx6v10
217882,Q631066,037s24f05
217891,Q5134167,00qf0n903
217907,Q1107305,03ahd9g67
217925,Q1112489,01p2bvc62
217934,Q5149659,00es7k954
217961,Q5166453,01g0q1j14
217989,Q5257948,01scq3556
217998,Q5395822,01bh4p295
218025,Q5460831,00aqm2347
218061,Q1441652,00pg98t08
218070,Q1475020,04ytb9n23
218113,Q5604737,040ztay26
218140,Q5905297,
218229,Q6484421,05eq86m59
218238,Q6549316,05npsjk50
218265,Q6705748,
218335,Q6806451,012jban78
218353,Q6842555,04mfr9y95
218399,Q6913648,05d3sbc55
218414,Q14709596,0577pn814
218441,Q7055505,02tsdk069
218487,Q7099794,01pxzvy69
218520,Q7191535,039y7c549
218539,Q7240768,01s9sxm36
218645,Q7896316,02d9k9g58
218654,Q7896318,05ked8481
218663,Q1024426,02b6qw903
218672,Q7896319,0289me815
218681,Q14709668,04m6dqx50
218690,Q7896322,04nk82x68
218706,Q7896323,04p549618
218724,Q1104405,01621q256
218733,Q7566644,00520ze08
218742,Q7896324,00t9hhv14
218751,Q7495144,036adea75
218821,Q7573934,016bks835
218830,Q7573923,03jqk9681
218858,Q20708490,02wwqa894
218885,Q7839709,037asfw97
218894,Q7841390,052yz6z95
218919,Q7941707,02996zz79
218955,Q38251806,00cdkww69
218964,Q8026588,04mpzkf73
218973,Q8029049,04dzs7b08
218991,Q15051869,05teaww98
219000,Q3298397,03a3qwm26
219037,Q4920960,
219046,Q4920974,03fng6237
219082,Q5210049,016yv6y68
219091,Q5210062,031pw0y55
219143,Q6474813,
219189,Q18636195,
219198,Q14709772,00wc5s136
219204,Q6970347,00qnd3z77
219240,Q7525491,05c1b0415
219259,Q2001088,01kwgrb31
219277,Q7080082,012y1mj37
219295,Q7240962,02f67ap41
219347,Q7566983,00ch7yk27
219356,Q2302260,015jmes13
219374,Q7525103,02q2dn726
219383,Q7896307,05ndpad60
219392,Q7417661,04wrfcw61
219408,Q17034947,023mkm794
219471,Q1305521,0043h8f16
219480,Q14709796,038z78m72
219505,Q4743138,001gb1j79
219578,Q4409222,04x9k0k55
219602,Q781153,05tx3bv88
219639,Q4857615,002273w22
219709,Q3298359,033vjpd42
219718,Q4897957,05wnc7373
219790,Q4980029,01bgnmj50
219806,Q3445010,05bhsrq51
219824,Q5087893,01a697543
219833,Q5109383,03andr831
219842,Q18155846,
219879,Q5132245,04jr7pd40
219888,Q5149848,04e45e551
219903,Q114339573,
219949,Q1143711,02wtemq51
219976,Q1798619,02gdc3814
220002,Q5243248,
220057,Q5318575,05q3scx19
220075,Q634669,05rfqv493
220136,Q5373173,
220181,Q49087,01bbs6821
220206,Q7980543,03xj38z92
220215,Q5500864,01w9xxr98
220312,Q14709930,00qp50z66
220400,Q6117378,02v09qm69
220464,Q16997791,01bktqd02
220473,Q12060891,04dpnfr42
220516,Q6412129,01evb6z23
220552,Q7566876,01fryje29
220589,Q16999058,
220598,Q6485360,00e7vgg86
220604,Q6506386,039dmez53
220613,Q6515384,00fwhaq79
220631,Q14710034,02qma2225
220701,Q6776185,032agg760
220710,Q4309890,04e602778
220792,Q4026847,00k63dq23
220808,Q6815815,05fmdkk55
220862,Q2094177,01cq23130
220871,Q6815887,02ch3jz57
220941,Q7927566,
220978,Q1784748,02n1hzn07
220996,Q6841624,
221096,Q6917927,01phypy63
221184,Q6967013,0207yj108
221254,Q7071876,012fga139
221333,Q7700210,05jwx8118
221351,Q1321046,049xfwy04
221397,Q7339755,00f9r7e77
221430,Q7700208,04m63t111
221485,Q7571358,03wbjv906
221494,Q7700211,01sygwk11
221519,Q7458159,05r5k8873
221643,Q7161582,04ffkmr54
221661,Q7569568,04xafps82
221670,Q7569775,02xrwdh93
221731,Q7700242,0563nxn44
221740,Q1781384,00nqb1v70
221759,Q1150105,020f3ap87
221768,Q1566138,01244fm76
221838,Q1782948,01fpczx89
221847,Q7700206,05drmrq39
221856,Q7700214,04hdj2902
221892,Q7838935,015h3ax78
221908,Q7057982,05m42bs81
221953,Q4564294,04snwmr98
221971,Q7886376,02c561939
221999,Q29052,02vm5rt34
222053,Q7941057,01t51rc23
222062,Q17033012,025caaq56
222178,Q1805145,004srrf86
222567,Q4738072,04cwzs398
222576,Q4740262,003frhn24
222628,Q4741376,0297n1v45
222822,Q4762731,02axqg987
222831,Q536709,04n34rm95
222877,Q4792279,007735r88
222938,Q7714377,01pc4rp54
222983,Q4823037,052k56z27
222992,Q3629946,044tz3m61
223001,Q4823243,005dgnw92
223083,Q4857642,
223117,Q4857662,
223214,Q2901308,01tx6pn92
223223,Q2892284,02pttbw34
223232,Q812573,005781934
223320,Q5138254,046hkwj59
223427,Q4926785,03g68pb09
223506,Q4959024,02srjxm46
223524,Q4974630,04z1g6718
223773,Q5056933,02t5j7398
223816,Q5061907,039mdjd71
223898,Q5122144,03gc7jk79
223922,Q5126855,04c49cg83
224004,Q2992101,028177t76
224110,Q7054764,006w4kh46
224147,Q634651,01mrfdz82
224226,Q5211272,04e118j07
224244,Q5211292,043jtq828
224271,Q114339598,
224305,Q3269488,03cv0r897
224323,Q3551578,00v3ak792
224350,Q5252909,02dywg371
224439,Q5038920,
224527,Q5329516,02cwbgy35
224545,Q14711364,01x3z9745
224554,Q2407584,01red3556
224572,Q5330653,012sa7x09
224615,Q5350976,02ahpq120
224642,Q5351764,01gswfc04
224712,Q7449480,018mj3h16
224776,Q4796893,
224891,Q5488991,03r400k37
224961,Q5519422,041d00r55
225070,Q5598396,03y13mg86
225247,Q6356958,03ff06b47
225308,Q7843006,05vhh0619
225371,Q16252166,045yjdg59
225399,Q5916417,00x75sk82
225414,Q7895505,01t817z14
225423,Q5361290,034nqjm29
225432,Q7895509,05mj6fy81
225502,Q7895510,01khwek78
225511,Q1472358,048sx0r50
225520,Q5919327,00qbe9m93
225548,Q5920583,00vhhbt37
225575,Q3143507,0176jt031
225627,Q1813761,044a5dk27
225788,Q16997157,
225876,Q16973332,03a9t7g49
225885,Q6161219,01jnyam78
226019,Q6406863,02az15671
226091,Q2393647,008ms5s18
226107,Q6480920,
226116,Q6480921,01nsvzv47
226134,Q6488884,05p630g07
226152,Q7707466,028861t28
226204,Q6513309,057pedz06
226231,Q6506488,006t60p65
226329,Q6669598,
226383,Q6695115,02wb36b75
226408,Q5146887,04z1nmb83
226471,Q7895673,03q1dcf42
226578,Q6802193,05nf32076
226587,Q6802425,045x76g34
226806,Q6842319,01arkg777
226833,Q1932075,00t30ch44
226879,Q16902793,014vrtf08
226930,Q6925339,04fh8an03
227146,Q6982160,039gx9203
227182,Q4117087,059j9s184
227191,Q7055886,01v3sxv43
227216,Q860527,00v97ad02
227225,Q7057986,04wh0kc34
227289,Q7075131,03jcbwy51
227304,Q7077704,011mmzv10
227331,Q7111021,029wb5j17
227368,Q17028121,02p5xjf12
227377,Q7708009,04hpp6453
227386,Q7131449,03b7h0n98
227401,Q7137314,008evvy56
227429,Q3898136,03v2fas56
227526,Q3306469,0449kf092
227687,Q7292764,056yn4g37
227757,Q842909,008zs3103
227766,Q7330615,0417r6n29
227845,Q3495253,05n545h05
227854,Q7591515,04v6cz278
227863,Q2495922,02pkt3s45
227881,Q1422594,00yh3cz06
227924,Q7413315,01hdk3d05
227979,Q7414339,02xdxmh23
228042,Q7432878,00ep9v282
228149,Q7590446,03fvnza37
228158,Q7568230,00n178f58
228194,Q7568638,04wgp8f82
228246,Q1536258,042tdr378
228316,Q7571362,03aynys49
228325,Q6132876,0518nb352
228343,Q3551493,05gj63w50
228431,Q2344683,00hq0e369
228459,Q1495387,05h9q1g27
228468,Q1056856,01n7wr636
228486,Q7571399,045mf8339
228501,Q7635933,03x7qhw59
228529,Q3551554,0263v9e25
228547,Q7686664,04v04aa35
228608,Q7698504,038s1ax16
228635,Q2725999,05byvp690
228644,Q4005868,02f6dcw23
228653,Q921264,016tfm930
228680,Q7708093,02pnxn245
228699,Q7707344,04b0jpj80
228705,Q7707478,05abs3w97
228714,Q5973443,00w0k4e67
228723,Q49212,01f5ytq51
228769,Q1230739,019kgqr73
228778,Q49213,00hj54h04
228787,Q1781394,049emcs32
228796,Q2093110,04d5vba33
228802,Q212528,01azfw069
228866,Q7707564,02vtff553
228875,Q2302280,054b0b564
228884,Q7707584,04fsb1973
228909,Q7895977,05msxaq47
228981,Q3301911,03gsa2724
229018,Q2495935,051smbs96
229027,Q183170,01kd65564
229063,Q626591,05ch0aw77
229115,Q1423756,0405mnx93
229160,Q7708205,03vdm5c68
229179,Q3468361,04dyzkj40
229267,Q1311379,00t8gz605
229300,Q7896431,03gds6c39
229337,Q4119816,033ztpr93
229355,Q7860053,04mg21y19
229504,Q7922092,03q9jd971
229540,Q7926650,01zys7518
229780,Q7975912,024ccd889
229799,Q7978277,02xwsbr93
229814,Q7986651,04gnp7x40
229832,Q7988383,01dj44198
229841,Q7990705,0035bbx08
229887,Q4019812,02mhf1b49
230010,Q4966638,
230038,Q332498,047rhhm47
230047,Q3243730,0259gsa43
230056,Q4972337,04bqj0966
230092,Q254191,058v42s42
230162,Q5241836,051qrf195
230171,Q1231724,04dx66682
230418,Q6457519,04n0t4871
230490,Q7079968,01dhkk736
230597,Q7548203,04azdj983
230603,Q632573,04gfeaw48
230676,Q7878107,01vpg0r82
230728,Q1052614,00h6set76
230737,Q940919,02rxpxc98
230746,Q7405883,029z7h505
230764,Q168515,03r0ha626
230782,Q1787152,01epn2q93
230807,Q11288507,059rnte75
230816,Q817902,01pq38j30
230825,Q4999222,016j6dw22
230834,Q1049687,01qdjtw37
230852,Q5070172,01hx6v225
230861,Q5154694,01nna8315
230889,Q5576249,05p0z2z51
230898,Q14711908,04gfner94
230913,Q1702480,
230931,Q3378714,03bhj4j04
230940,Q5688765,028bz2q30
230959,Q1357891,0217hb928
230977,Q14711929,
230995,Q1681928,04we7d902
231059,Q2212983,03b353k89
231068,Q7390511,03qn8x345
231077,Q5146842,03jcx4790
231086,Q7570604,042h3a043
231095,Q7611388,056d0k256
231147,Q7921734,02gky3n02
231165,Q7921788,00j32a689
231174,Q1048898,0155zta11
231420,Q4828300,00vm5ky05
231536,Q4929703,02rw6sa19
231554,Q4930299,01zf2fw60
231581,Q4966838,016119s16
231624,Q875637,03hsf0573
231651,Q502352,00jhyq802
231697,Q5061999,00ehy3369
231712,Q3444675,00m4rwq02
231837,Q6175405,01616f936
231873,Q5207513,04c2j1p40
231882,Q5221347,04xbyac61
231970,Q5330559,056hr4255
232025,Q5373734,018rbev86
232043,Q1278210,059xmmg10
232052,Q5330447,05tg3y165
232089,Q5445466,0128ckf82
232186,Q1411222,02jqj7156
232195,Q5551972,03dgxrg98
232256,Q1797609,02mb9s657
232265,Q1797817,05fde5z47
232308,Q12060410,05dt3h538
232414,Q6107066,02pbwqv79
232423,Q258943,028pmsz77
232450,Q6261498,03ehdx160
232557,Q1468607,00w4qrc49
232566,Q3551429,01awv9175
232575,Q6679233,01wh99039
232609,Q6708469,03grk0f38
232618,Q114339622,
232672,Q6778997,027xhdf25
232681,Q657374,03b48gv34
232706,Q14712798,0008kv292
232788,Q6924935,04tf8qk07
232797,Q19864730,
232867,Q7011240,05eqkxh55
232885,Q30263411,00e0kg276
232937,Q632506,030pydv62
232946,Q14712981,
232946,Q7059119,04wzh0d51
232982,Q1474100,04zjtrb98
233019,Q14713041,02sf8e546
233037,Q7150086,002kf8b88
233116,Q7191541,02tw58061
233277,Q632465,04647g470
233295,Q7291901,03zstcc67
233301,Q7291803,02fag2f73
233310,Q7294304,030jhgm36
233338,Q7324209,01v4enb76
233356,Q30263356,04dy4th59
233374,Q1115878,03y71xh61
233426,Q7339779,00jtk7j90
233499,Q7402014,
233541,Q1799245,05w0p9h92
233611,Q7570614,03a7v0208
233639,Q7571082,05v556078
233648,Q7571372,00qd4hy53
233684,Q114339645,
233718,Q7655237,05e3rkh95
233754,Q7792702,03hqvaq14
233772,Q7800875,04x2ven38
233842,Q7885972,02jfyz617
233897,Q128111,04hx5st34
233903,Q14713457,05wf9ss90
233912,Q7934331,01459d894
233921,Q65379,02smfhw86
233949,Q7934659,0018h5d52
234030,Q2303536,02nkdxk79
234076,Q213439,0153tk833
234085,Q785357,01ngnm118
234137,Q7934641,03x2r5572
234155,Q7934591,04esvpn06
234164,Q1814758,02zwyfg51
234173,Q7934661,03ken7w58
234207,Q1785291,05r9xgf14
234377,Q8040662,01e2apd69
234492,Q7714390,02vfaya75
234669,Q4883929,05gr4yv49
234696,Q4884040,03hjr5c64
234711,Q4905091,01z61p797
234827,Q1054064,049c8eh51
234845,Q5062174,026sdzz57
234915,Q5123487,008a9hf75
234933,Q5127175,00k71kh37
234951,Q5135907,01jq15d50
234979,Q5149615,02394tn51
235024,Q1134192,020t0kf33
235088,Q5283910,
235097,Q1278253,002g57a93
235103,Q3048047,00vhfbm88
235149,Q5416998,02gv8a673
235167,Q941731,043yd1m08
235316,Q1537303,03ze70h02
235334,Q5598352,0400m9h41
235343,Q5603127,04s68af23
235422,Q5739095,05y5qmm69
235431,Q114960,007aah170
235547,Q4868388,0317prg89
235671,Q4868824,02zpajz15
235699,Q6478429,01bnqts78
235750,Q6693401,01ysc1e93
235769,Q7842888,005hdaw07
236072,Q7056622,02d7rnk16
236133,Q7060260,00y7snj24
236188,Q7089045,05pbb8y14
236230,Q3439925,01vh5nd96
236258,Q7162922,0470n4p24
236328,Q956780,042drmv40
236382,Q7313558,0296fd765
236452,Q7401787,01awd1q38
236504,Q7568402,02bmrs815
236513,Q7442064,00hntwx50
236577,Q2904851,02gzbg991
236595,Q615873,02jqc0m91
236610,Q7501438,03ybzg790
236638,Q7533758,023knef74
236656,Q7568278,023rme066
236692,Q7578860,
236708,Q7578863,04qw2v147
236753,Q7673988,02qeysd40
236887,Q7962685,01p9zxq79
236896,Q3551688,02x559v43
236939,Q597236,05dk0ce17
236948,Q219563,00cvxb145
236975,Q7982289,04pjzhr83
237011,Q284777,05wn7r715
237039,Q7991679,0420yf673
237057,Q7996607,05axv8155
237066,Q7996977,04j9d0s43
237109,Q8047101,005aym849
237118,Q4713754,04wkwbq27
237136,Q4780834,02fad4q52
237154,Q6925233,
237181,Q4897734,04a6tv155
237215,Q4930306,03f1xkz75
237312,Q117251,02z58ft15
237330,Q5158896,01mwmfm08
237358,Q5241825,01yscvc28
237367,Q4981651,047wwd089
237385,Q5569419,04q2w0g82
237437,Q16892571,
237473,Q6142499,
237525,Q1379613,02erqft81
237640,Q7081021,00rkfyy45
237686,Q16983276,00k5m1279
237701,Q7235085,
237783,Q7404130,03dqzan26
237792,Q7494490,00y93ak93
237817,Q7570627,01cyqzg93
237880,Q7986914,01s8dqw53
237899,Q7986919,04ykhhw18
237932,Q7985746,03gfrak98
237950,Q7986928,028ebfc83
237969,Q12010547,057nqxc22
237996,Q7986858,
238014,Q7986877,00tmt0k30
238032,Q115376,011vxgd24
238078,Q2566683,02z310y44
238193,Q4737981,04h7gk919
238263,Q6727868,002y1bq07
238324,Q28450423,05an61k54
238333,Q2904557,009yr1d55
238397,Q4922972,02jnx6884
238430,Q5038617,05nz57427
238458,Q1045167,02yf2ch17
238476,Q3298369,00wkay776
238573,Q5149661,05sbeh252
238616,Q5159009,04k83g518
238661,Q5337885,043c4kc51
238722,Q5477034,0383bnk62
238759,Q5527291,03j4kg535
238980,Q6478782,01awa7g66
239008,Q12061082,048rsxe24
239017,Q1809286,005w9jb47
239071,Q14714528,00a686c80
239080,Q6761997,01herdm14
239105,Q188370,04gr4te78
239169,Q6806307,00qqv6244
239220,Q6840815,031mpj251
239248,Q14714546,02ym2t546
239309,Q6861755,031ew8w25
239318,Q1538982,04h7cfr36
239372,Q6909043,03afd3b65
239390,Q6922044,02qr05d85
239424,Q6966890,0137p4457
239442,Q17038565,02vj63597
239460,Q7057734,022vf5950
239488,Q7057999,0381kjh19
239503,Q15402042,048a4ax84
239512,Q7059510,01hmaf534
239628,Q7335662,025kav035
239637,Q7397267,054etjf65
239716,Q7590859,01hw93t68
239743,Q17012055,05sv2w840
239910,Q7571381,03hegxg89
240055,Q7896628,03n77bh09
240107,Q7937045,039p8pn96
240116,Q5101687,015mh9580
240125,Q7975162,01hqrfw90
240170,Q7988378,016tysf12
240189,Q3551772,049hrzs50
240198,Q8027207,01r678s56
240213,Q8027270,00stpsa05
240268,Q3551771,03mnm0t94
240277,Q2378091,05hbexn54
240329,Q2688358,00x8ccz20
240338,Q8027229,00nve0j20
240365,Q2503441,05w22af52
240374,Q2590739,05s9f4d27
240417,Q2590529,01gb8pc70
240426,Q10943718,00z2qhk53
240444,Q838330,01y2jtd41
240453,Q1755318,031q21x57
240462,Q2590962,02xpkhc07
240471,Q2687532,02ep9vf55
240480,Q2687782,05sv6pg41
240505,Q5049081,01gsyn886
240514,Q5062043,05bsmsd63
240596,Q5330580,03ye76s02
240620,Q6488658,05pvaka44
240657,Q7059996,05yavwk90
240666,Q7494881,004k51631
240693,Q7988454,02nbqkk54
240718,Q8040279,
240727,Q1326975,01485tq96
240736,Q4744872,04mnc5f76
240745,Q5613414,03pbsn844
240754,Q1248737,00376bg92
240790,Q11400830,042zqcx93
241100,Q4745322,03cx1e057
241191,Q3551511,05gw1cv54
241216,Q573894,0525rz773
241225,Q4570883,05fwspe16
241331,Q5041723,04bg0r715
241377,Q5039438,039w2vw18
241395,Q100993177,
241410,Q1342151,0538pfx71
241614,Q4903273,
241720,Q30263397,03vd86m49
241739,Q16964997,037gty358
241766,Q5163150,
241793,Q5059476,0575v6d36
241951,Q7432544,003tks917
242060,Q4750355,05r9v2c42
242112,Q43895359,0041nq193
242422,Q16997053,
242653,Q6045485,
242662,Q6045490,
243081,Q5839196,0022qva30
243106,Q7896171,04w7hre37
243115,Q7896172,038z2eg27
243133,Q6156806,058hjkk82
243142,Q7896174,05phyf558
243151,Q7896175,00yxqn620
243179,Q7896176,020wm8g88
243188,Q7896179,05s2fqz02
243197,Q7896177,00wek6x04
243203,Q7896165,00h25w961
243212,Q7896178,04vs2n780
243221,Q7896167,0453v4r20
243346,Q7894340,01agkhd16
243443,Q7894348,03cxxnd48
243498,Q5415755,
243568,Q5061968,01rpmzy83
243577,Q1798894,01b8jmq89
243586,Q7228261,
243601,Q7853642,
243638,Q5146775,03bcj4564
243647,Q15060585,024vfck88
243665,Q7896780,034amfs97
243744,Q41506,00f54p054
243780,Q217741,02dqehb95
243799,Q14715409,
243823,Q7138388,01s8vy398
243841,Q43895495,04h1bd429
244233,Q5123110,00h90tg62
244437,Q16994046,
244446,Q5547660,05remtc15
245625,Q7970130,05r27jw59
245652,Q20950055,
245777,Q4897590,
245838,Q4775035,03ekzka28
245847,Q4775042,0358d0w14
245865,Q4775041,00nzje529
245883,Q4775043,058gcv483
245892,Q4775038,
245953,Q6840587,01pj4rr81
245999,Q5482641,
246017,Q5061900,
246345,Q5916561,035khbv71
246354,Q7128504,05sgnj165
246789,Q4454907,00yttx659
246813,Q4813522,000ge9g13
247065,Q114339665,
247162,Q5453567,
247603,Q7649419,04bdnn252
247649,Q6484763,04vv4v570
247825,Q4823103,05q77p435
247834,Q5147228,05t5ek106
247940,Q7114753,02z493v75
248606,Q6908193,
248633,Q5491394,
248934,Q5322728,04133ks15
249566,Q7669834,
250407,Q7417676,
250920,Q4654687,
250993,Q7304866,
251260,Q7570566,04yhxmc54
251312,Q114339690,
260363,Q5603845,
260372,Q6467825,04ycrgr69
260813,Q7202470,00tc79f78
260901,Q6366831,
260992,Q114339708,
261375,Q6521182,
262031,Q7587511,04j7dyy47
262086,Q119993821,
262129,Q1982482,01cbya385
262138,Q7570184,
262165,Q30263390,01yh59845
262332,Q6506799,
262341,Q5163149,
363439,Q114339712,
363633,Q60743039,
363721,Q5230453,
363934,Q16959503,01bqp7k56
364016,Q7134381,0433rbd97
364025,Q5071217,040zw0170
364168,Q6728043,
364335,Q7417679,
364548,Q14708427,
364627,Q7196801,
364973,Q7707618,
365055,Q7714384,034ymz395
365198,Q7570222,
365374,Q16986050,
365480,Q6819374,
365693,Q5035924,
365763,Q6913661,
366003,Q30263417,014dwa961
366252,Q15265909,
366340,Q7618891,01f0wmg23
366368,Q7012997,00z7yba83
366395,Q7634547,004hyqr12
366401,Q6492422,005tsjq27
366447,Q4736101,
366465,Q7079987,
366553,Q16915118,
366623,Q7060211,
366711,Q624691,01j8e0j24
366793,Q4857689,
367194,Q6802467,05t4q5a05
367413,Q15242099,
367459,Q7059946,01nm14c30
367839,Q5148817,0064m4x84
367884,Q5876115,00s8h5d08
367954,Q7896347,02b108x81
368364,Q7571359,
368443,Q114339725,
368647,Q6864279,
368911,Q7569503,049ref070
369002,Q6784361,05rvkm618
369419,Q14685860,
369455,Q114339730,
369516,Q114339731,
369659,Q7101141,00cdtrb49
369668,Q24885186,
371052,Q5472670,
372073,Q5501566,
372329,Q17148784,
372921,Q114339735,
373711,Q7898542,
373827,Q15262043,
374024,Q4683283,04tb1ww30
374592,Q6901080,
375559,Q7814145,
375656,Q5102106,
375683,Q14708426,
375708,Q6403749,
375841,Q6506801,
376695,Q5146888,
377421,Q5738754,
377546,Q7060000,029yy5f63
377555,Q7896565,02ygzhr13
377564,Q7896583,05n8t2628
377661,Q114339736,
378576,Q7122399,05p275942
378956,Q6970848,
379029,Q7417681,
379782,Q30263378,015z60w50
380359,Q4874042,005m1kj18
380368,Q8564259,00b970e83
380377,Q12041073,02c235t25
380438,Q7252777,00y3pb435
381352,Q30263402,007je0v50
381459,Q7186986,05gja2q95
381529,Q7442200,
382504,Q6410885,022f44628
383020,Q6843354,03nmnmt74
383084,Q5637129,
383190,Q5684264,02kxkqy32
383367,Q5600425,
383507,Q5215207,
384254,Q812885,04pqs5t46
384333,Q5401812,05cy9p581
384342,Q14687535,004xm6e62
384421,Q7278541,02gzrnr79
385415,Q2030894,05cf8a891
385503,Q114339737,
385619,Q5417138,00s18am05
388520,Q16258657,05xxpnn88
390905,Q7209124,
392840,Q7974695,00msnw430
393180,Q7755432,
395362,Q5168753,01grd6v95
397270,Q16998232,
397641,Q17077502,
399212,Q7420231,051gp9n72
399869,Q56118082,
399911,Q11285095,03rr7xb36
401223,Q30263440,02eneb966
401250,Q30289306,03m0pn190
403469,Q5505977,
403478,Q6551158,
403487,Q17032342,055x7ey06
404222,Q16997124,
404338,Q327361,01mx1hz05
404426,Q5139809,
404505,Q7417680,
404514,Q7417669,
404994,Q4654066,039h3aa75
405872,Q5046528,01wgg9r40
406547,Q35186978,
407489,Q30590131,
407513,Q17065989,
407522,Q7196656,
407610,Q15264996,
407629,Q6475778,04679fh62
407832,Q7970129,
408844,Q16993532,
409254,Q5389059,02gen5m31
409315,Q7568637,03038ad20
409379,Q7700026,
409616,Q7359139,
409698,Q624686,00mjdtw98
409829,Q7417673,
410502,Q7714360,
410973,Q16992603,
411055,Q6501945,
412535,Q7491592,
412599,Q114339739,
413413,Q572430,0470b8t84
413617,Q5146774,03bnt5240
413626,Q6515757,039fb2p82
414595,Q114339741,
414911,Q7163756,01qgfpv05
414939,Q17064955,
414966,Q7185940,009syd513
416801,Q1525831,04twxam07
417187,Q4996678,
417248,Q14714950,
417257,Q7945198,
417275,Q7202477,
417318,Q5146657,00tr1bg48
417752,Q6821881,00q5x1a77
418126,Q7013368,04v0zrf25
418205,Q5038932,
418287,Q7839839,
418296,Q6019967,
418302,Q7988380,
418320,Q6840599,
418348,Q5330345,
418357,Q7983772,
418481,Q6843988,
418560,Q6023122,
419022,Q4650875,
419095,Q5078600,
420246,Q17062157,05cajf655
420352,Q7726777,
420398,Q7060267,04jg63q12
420431,Q7076613,04kxhvh23
420440,Q14715374,006j5kw87
420501,Q7417668,
420538,Q4791874,0215jzs21
420556,Q5149698,05sy23e62
420705,Q4849468,024s2tr48
420723,Q7802240,01ad74h27
420802,Q4791254,0054f1w39
421841,Q17083420,
421878,Q114339754,
423643,Q114339774,
423652,Q7101137,00tcvgn28
425250,Q5623662,
426314,Q3052113,010jskt71
427025,Q5157494,
427991,Q7692266,
428000,Q998857,024zd0r19
428019,Q5602440,
428286,Q5999524,
428338,Q5428852,
428392,Q6419629,03sfs6n55
428426,Q7413428,046j50r07
428444,Q7714387,
429012,Q4688433,
429094,Q30263371,03mv9kp97
429128,Q7899874,02yec8h85
430485,Q135193769,
430670,Q7414560,0414ppq07
430704,Q7707585,041621784
430810,Q14705370,02xbxcz59
431141,Q6040925,
431169,Q5523646,
431187,Q15204866,
431594,Q126412,002pd6e78
431707,Q15262602,
431716,Q7075974,
431983,Q14707819,
432144,Q7568074,01cy4tw26
432348,Q4780856,00bd4cb30
432524,Q5253252,02wk65538
432533,Q7714363,
433004,Q30293747,00wzhk182
433013,Q14681667,01262d760
433040,Q6903135,
433174,Q5044931,
433387,Q7987876,0210dff90
433466,Q7636444,
433660,Q1430054,05tc5bm31
434016,Q6651407,027wk9464
434034,Q6973931,04m15mz97
434061,Q7567863,03d4eey82
434159,Q114339776,
434414,Q6837583,03ct0rb34
434441,Q28455187,02de22795
434584,Q4833663,00mw3fh49
434672,Q5154689,05cdayb58
434715,Q5461282,03d436n40
434751,Q7994668,03aswyk21
435000,Q6689304,03151rh82
436304,Q7337691,01g39s097
436429,Q6682225,
436614,Q13428213,007qc6d13
436827,Q33526665,
436836,Q99362574,
437097,Q7895664,02d75a424
437103,Q4869472,057r54s29
437237,Q6054384,05axake65
437556,Q14687884,
437635,Q7726767,
437662,Q16985483,
437732,Q114339779,
437750,Q99476268,
438212,Q6800145,
438498,Q7621996,00zbnzw74
438586,Q100993248,
438601,Q4744168,
438708,Q5330572,034fab991
439057,Q4789718,
439190,Q5048210,02pys4392
439394,Q16934156,00embpk79
439446,Q30263382,04wpk4a30
439570,Q5154662,05tn82m22
439613,Q5188813,04fdz6f52
439701,Q7744487,02p5gkq58
439783,Q30263415,03ccevd14
439817,Q7058057,
439862,Q7122532,03wg5pr04
439899,Q7368161,04pf8en64
439914,Q7442115,00n27t175
439969,Q30263361,00gej0269
440004,Q30263433,03g9mpe61
440031,Q6382470,00f4jdp82
440217,Q5945118,
440253,Q6843449,00jxpy231
440341,Q7714398,
440396,Q7011390,007hqhx04
440402,Q4791876,
440411,Q6771619,
440721,Q7565333,
440794,Q7559831,02q3cpg22
440828,Q7101371,00tngcb91
440916,Q7570576,02q9fse63
440925,Q6048039,
441070,Q43895483,039ngxv93
441104,Q7331083,016a6js89
441131,Q7762875,04xxj4388
441186,Q7413736,048bd3118
441210,Q5329595,
441238,Q5123725,
441308,Q7896768,00hxrkj54
441317,Q5360348,
441335,Q16902726,
441353,Q16903537,
441502,Q114339781,
441760,Q3152130,
441900,Q1658675,0081xr281
441937,Q1026905,04v097707
441973,Q14684105,
441982,Q5492094,000zamq06
442064,Q8031678,01nsw9720
442231,Q7103071,
442295,Q4827950,01j1n9y37
442356,Q6483177,02v37gb90
442383,Q114339784,
442426,Q114339793,
442569,Q5596645,03yy7hq10
442781,Q7813304,03hr48p12
442806,Q5345719,00sda2672
442815,Q7406083,00br84389
442842,Q114339794,
442930,Q18706097,
442949,Q30263403,00bgbmf24
443049,Q5431182,026xy6j55
443128,Q6053849,02r4nmf56
443340,Q23135700,02k8h2m07
443410,Q1027869,05cxkpp05
443492,Q7191942,
443599,Q4743453,
443623,Q6506791,
443632,Q21070697,
443702,Q117173045,
443702,Q4899796,05v69pw95
443711,Q385046,03qbxj466
443766,Q114339797,
443784,Q114339802,
444088,Q114339803,
444103,Q5004696,03pvphy63
444130,Q7057736,04xf6c905
444219,Q5464862,05tn97j65
444361,Q4686323,
444398,Q4857700,016848p13
444556,Q5192952,
444626,Q5684417,
444699,Q6039214,05ppaxj51
444723,Q6275220,054s7hj41
444778,Q7009838,04gdyqq92
444848,Q6156824,04jk6hn97
444927,Q14680748,
444954,Q6925847,
444990,Q5456945,
445018,Q6360819,01y5kcv82
445027,Q4744166,05w0qtv14
445054,Q7830888,02sn5gb64
445115,Q6506794,
445124,Q6048037,0542f9556
445188,Q1728622,00d9ah105
445267,Q101019953,
445692,Q7001981,04dxan340
445708,Q100993370,
445735,Q7368264,05eb35r14
445869,Q6039770,04w93kd83
446002,Q4742862,05nkvn594
446039,Q30263375,00cwxbd63
446048,Q542498,00xwqff48
446127,Q114339805,
446136,Q114339819,
446163,Q5154677,
446233,Q5332227,05wc4jq58
446385,Q6456995,
446394,Q30263360,02v65ck63
446552,Q7570535,02bnr9368
446561,Q7598012,03cppt751
446598,Q30266530,00yckme16
446640,Q5665307,02g0s4z48
446668,Q7714386,
446774,Q4929705,037r51j35
446792,Q7742282,
446808,Q6048046,
446817,Q5968289,
446835,Q6506796,
446844,Q6506797,
446932,Q5592003,05p9w4h97
447023,Q5254764,
447050,Q7892258,05r8r3608
447458,Q5419099,057z2zh71
447582,Q7011241,
447689,Q5547517,05vkmhj10
447698,Q30263359,049wrhp57
447801,Q30293888,02c6xtt27
448080,Q7082402,
448239,Q7902331,00ek1m439
448248,Q6925660,
448284,Q50508104,
448336,Q673105,0152qkr29
448345,Q7714380,
448354,Q114339834,
448415,Q6807303,
448576,Q7714362,
448594,Q18706109,
448637,Q7985394,03rksbs88
448673,Q114339837,
448691,Q6051112,03x131c97
448804,Q7341734,00pctvz49
448840,Q7896336,016gp6x28
449010,Q7714393,
449339,Q646842,02890tv09
449348,Q15051796,04qm1zm15
449366,Q6738871,
449384,Q5574372,
449481,Q30263427,02dq20r43
449612,Q6689093,
449658,Q30263389,01fk7em68
449764,Q7936090,05k6xb467
449773,Q83012790,
449834,Q114339841,
449861,Q6861698,
449870,Q7896781,01xhcza12
449889,Q4743445,03vqkag84
449922,Q4780841,04chs2v90
449931,Q114339842,
450049,Q7714389,
450085,Q7714370,
450094,Q7714365,
450137,Q7589603,
450304,Q4969329,0165awy39
450401,Q19864963,
450447,Q16849051,00c1pz865
450465,Q6048049,
450933,Q5149845,02r3wcw82
450942,Q7186985,00mej7b74
450979,Q7841394,010c6zy12
451060,Q5275919,05w4c2r57
451079,Q30263355,03t1tgz69
451103,Q28448966,
451185,Q7569753,
451398,Q8052844,05r81c657
451477,Q114339844,
451510,Q5084173,00fgkb535
451583,Q5284804,
451671,Q7896335,0062skg93
451769,Q5571018,044q54x11
451796,Q7714383,
451820,Q7714359,
451848,Q7714369,
451927,Q741892,01b72rt03
452018,Q7714402,
452027,Q14708181,
452036,Q6417958,
452054,Q6506800,
452063,Q6506803,
452081,Q114339856,
452373,Q114339863,
453163,Q114339868,
454069,Q7814194,
454184,Q3521483,051j50p12
454227,Q114339870,
454306,Q114339875,
454458,Q114339878,
454689,Q30266533,02mejn521
454810,Q5192952,
454829,Q4807851,01eg6rs81
454838,Q30263401,04cfmv025
455035,Q5463900,
455099,Q7901163,037ydwx27
455114,Q5146875,05sfzsk90
455169,Q5086129,00e0p8s95
455178,Q30263412,05c686207
455196,Q17183153,
455381,Q50039269,02j787g88
455390,Q5570362,
455406,Q7122592,008d6qw11
455512,Q8032821,
455770,Q7252400,00mvrmk84
455804,Q7742212,02sz4p320
455813,Q1893075,05xphj289
455983,Q5149654,
455992,Q7921694,05c0t9w87
456481,Q30263367,023kybh62
456490,Q30263368,028thwc63
456542,Q7727027,04bqfk210
456959,Q7895805,02rh4fw73
457129,Q114339884,
457226,Q30263387,01yvchj11
457271,Q4671403,00a264q56
457402,Q30263435,03k9yfc35
457527,Q114339893,
457688,Q28134531,
457697,Q5123501,01x7teq58
457819,Q6040186,
457864,Q5450208,
457873,Q30622968,
457943,Q7559859,
458210,Q99285700,
458496,Q7714396,
458575,Q3151824,03re0h651
458982,Q30263446,
459259,Q114339914,
459268,Q50575545,
459356,Q7557691,
459374,Q30266531,02hf48750
459408,Q7839707,
459417,Q5156073,
459727,Q96410509,
459736,Q7829362,0556gk990
459824,Q7829364,05t9mkx39
459949,Q7707479,0084njv03
460215,Q5333889,
460394,Q6911396,01zzpyg63
460464,Q7050484,000cnwx98
460738,Q4744969,059p0a776
461023,Q6974729,
461032,Q14707890,
461087,Q7057985,
461139,Q30265179,005b4rt94
461148,Q1006950,01pckwj65
461281,Q99285896,
461315,Q6397946,05mchsq43
461528,Q114339915,
461759,Q7517999,0191tgr93
461795,Q7053745,04frgh028
461883,Q30263385,04j68nv27
462035,Q30256456,003bst688
462044,Q30263394,058vwqx43
462354,Q6252298,00jkprj19
463056,Q99391766,
465812,Q6016225,054phan86
474906,Q7615552,01arsa478
475033,Q17027576,001sfpp23
475060,Q114339918,
475121,Q114339920,
475130,Q114339923,
475398,Q5053147,03s49ys28
475495,Q7355942,02egdz393
475565,Q7006662,04nq4b349
475608,Q5186546,00wqdg589
475839,Q7456148,
476601,Q30263386,007bxt841
478634,Q5020340,00vvhe852
480028,Q60751815,
480091,Q114339925,
480198,Q114339940,
480499,Q30263409,05vb1qq28
480569,Q114339957,
480781,Q1026836,04phxq043
480967,Q5146889,01qfzbz52
480985,Q6843491,055j5q029
481030,Q5510680,05eygvb62
481058,Q30263379,000z2fe63
481401,Q30263381,00tqb5b32
481535,Q7417591,03m1g2s55
481720,Q114339959,
482149,Q5547686,012mef835
482158,Q6841434,01cwqb692
482185,Q4671467,
482413,Q30263419,05vjege66
482477,Q114339961,
482574,Q114339962,
482680,Q7895970,001pe5g24
482699,Q7567341,05s1k4z57
482705,Q114339963,
482936,Q5461548,01e5mdj42
483018,Q4775012,00bmb8a49
483036,Q7707476,015hh0z25
483045,Q5061124,
483212,Q55075257,03y3dt762
483285,Q5592028,04n835f38
483780,Q19880836,01jc8rs51
483878,Q19866142,
483975,Q4705202,02rzdts70
483984,Q6914683,01g9cpz33
484473,Q114339970,
484613,Q114339971,
484844,Q6864512,
484862,Q7896603,045zwes19
484871,Q30263388,04w4h5c56
484905,Q7895983,01n51v443
484932,Q114339973,
485111,Q5547599,027q1ta90
485458,Q7081914,05mg7fy05
485537,Q7896437,01sps7q28
485546,Q5020643,
485698,Q20011307,
485768,Q26258517,0436geg94
485856,Q114339989,
485908,Q114339991,
486017,Q8052834,
486053,Q55413453,
486257,Q7912535,
486284,Q4897735,03p5fh293
486433,Q7241530,
486488,Q6168471,
486840,Q1532470,00jeqjx33
486901,Q6859616,001ksx577
487010,Q7896420,0011qv509
487092,Q87768348,
487162,Q7571284,020kb9915
487524,Q5949943,05rp6gx35
487588,Q114339998,
487977,Q114340002,
488031,Q4669049,00cjtj637
488068,Q114340004,
488077,Q114340007,
488305,Q5361029,
488387,Q5126317,03se13x79
488448,Q7442097,01v9w5g84
488554,Q21189252,00wftym42
488563,Q25112938,
488572,Q65047697,047j0tk64
488730,Q7057927,003wb2x77
488846,Q620973,008w8py05
488934,Q7852372,
489201,Q20714853,
489335,Q6039967,02yrq3150
489779,Q55074849,039kqe469
489937,Q5044906,023nx7r16
490063,Q7570510,01b0j0m34
490133,Q96414526,05xkpwy13
490373,Q16983311,0260anr77
490601,Q6364910,
490753,Q6736402,
490805,Q20709782,04keq6987
491507,Q43895366,04705pk24
491710,Q14705934,
491844,Q7304449,
492069,Q24693652,
492689,Q7708149,
493363,Q65091076,02w3ga484
493619,Q2415456,
493947,Q30314295,01sq42g08
493974,Q106945545,
494603,Q7571391,0132gqh60
495013,Q7988043,
495314,Q24456686,014xxfg68
495916,Q105033859,
496043,Q54958451,008a6s711
496487,Q23715181,
497046,Q104850475,
498562,Q127163001,
